domain,problem,horizon,coverage,total_time,graph,label_0,label_1,label_2,label_3,label_4,label_5,label_6,label_7,label_8,label_9,label_10,label_11,label_12,label_13,label_14
logistics00,problogistics-10-0,9,1, 0.86,"{""labels"": [0, 0, 0, 0, 0, 0, 0, 0, 0, 0, 0, 0, 0, 0, 0, 0, 0, 0, 0, 0, 0, 0, 0, 0, 0, 0, 0, 0, 0, 2, 2, 2, 2, 2, 2, 2, 2, 2, 2, 2, 2, 2, 2, 2, 2, 2, 2, 2, 2, 2, 2, 2, 2, 2, 2, 2, 2, 2, 2, 3, 3, 3, 3, 3, 3, 3, 3, 3, 3, 3, 3, 3, 3, 3, 3, 3, 3, 3, 3, 3, 3, 3, 3, 3, 4, 4, 4, 4, 4, 4, 4, 4, 4, 4, 4, 4, 4, 4, 4, 4, 4, 4, 4, 4, 4, 4, 4, 4, 4, 4, 4, 4, 4, 4, 4, 4, 4, 4, 4, 4, 4, 4, 4, 4, 4, 4, 4, 4, 4, 4, 4, 4, 4, 4, 4, 4, 4, 4, 4, 4, 4, 4, 4, 4, 4, 4, 4, 4, 4, 4, 4, 4, 4, 4, 4, 4, 4, 4, 5, 5, 5, 5, 5, 5, 5, 5, 5, 5, 5, 5, 6, 6, 6, 6, 6, 6, 6, 6, 6, 6, 6, 6, 6, 6, 6, 6, 6, 6, 6, 6, 6, 6, 6, 6, 6, 6, 6, 6, 6, 6, 6, 6, 6, 6, 6, 6, 6, 6, 6, 6, 6, 6, 13, 13, 14, 13, 14, 14, 13, 13, 13], ""edges"": [[], [49], [46], [34, 37], [], [], [], [], [], [42], [48], [], [51], [45], [39], [30], [57], [33], [36], [54], [], [58], [], [43, 31], [52, 40, 55], [], [], [], [], [30], [31], [], [33], [34], [], [36], [37], [], [39], [40], [], [42], [43], [], [45], [46], [], [48], [49], [], [51], [52], [], [54], [55], [], [57], [58], [], [91, 97, 100], [94, 87, 96, 173], [89, 99, 176], [172, 175, 85, 93], [98, 159, 61, 84, 95, 90, 88, 62, 92, 60, 158, 59, 86], [182, 108, 102, 179], [180, 104, 109], [106, 183], [103, 105, 107, 161, 65, 160, 64, 101, 66], [113, 190, 120], [118, 121, 115, 187], [117, 189, 111, 186], [119, 110, 69, 112, 68, 162, 116, 163, 114, 70], [130, 194, 133, 127], [132, 196, 123, 193], [129, 197, 125], [74, 122, 72, 131, 164, 128, 73, 124, 126, 165], [142, 144, 201, 137], [139, 204, 145], [203, 200, 135, 141], [138, 140, 77, 143, 167, 166, 76, 134, 78, 136], [154, 211, 151], [156, 207, 210, 147], [153, 157, 149, 208], [152, 82, 155, 168, 81, 150, 169, 80, 146, 148], [85], [], [87], [], [89], [], [91], [], [93], [94], [], [96], [97], [], [99], [100], [], [102], [], [104], [], [106], [], [108], [109], [], [111], [], [113], [], [115], [], [117], [118], [], [120], [121], [], [123], [], [125], [], [127], [], [129], [130], [], [132], [133], [], [135], [], [137], [], [139], [], [141], [142], [], [144], [145], [], [147], [], [149], [], [151], [], [153], [154], [], [156], [157], [], [170], [174], [177], [181], [184], [188], [191], [195], [198], [202], [205], [209], [171], [172], [173], [], [175], [176], [], [178], [179], [180], [], [182], [183], [], [185], [186], [187], [], [189], [190], [], [192], [193], [194], [], [196], [197], [], [199], [200], [201], [], [203], [204], [], [206], [207], [208], [], [210], [211], [], [101, 136, 112], [103, 105], [29, 38, 116, 192, 185, 56, 47, 178, 32, 171, 202, 209, 41, 119, 128, 44, 181, 174, 143, 50, 35, 131, 152, 107, 53, 92], [90], [199, 206, 140, 195, 188, 155], [95, 98], [86, 138, 88, 114, 126, 150], [146, 122, 134, 110], [124, 84, 148]]}",29,0,30,25,74,12,42,0,0,0,0,0,0,6,3
logistics00,problogistics-10-1,7,1, 0.88,"{""labels"": [0, 0, 0, 0, 0, 0, 0, 0, 0, 0, 0, 0, 0, 0, 0, 0, 0, 0, 0, 0, 0, 0, 0, 0, 0, 0, 0, 0, 0, 2, 2, 2, 2, 2, 2, 2, 2, 2, 2, 2, 2, 2, 2, 2, 2, 2, 2, 2, 2, 2, 2, 2, 2, 2, 2, 2, 2, 2, 2, 3, 3, 3, 3, 3, 3, 3, 3, 3, 3, 3, 3, 3, 3, 3, 3, 3, 3, 3, 3, 3, 3, 3, 3, 3, 4, 4, 4, 4, 4, 4, 4, 4, 4, 4, 4, 4, 4, 4, 4, 4, 4, 4, 4, 4, 4, 4, 4, 4, 4, 4, 4, 4, 4, 4, 4, 4, 4, 4, 4, 4, 4, 4, 4, 4, 4, 4, 4, 4, 4, 4, 4, 4, 4, 4, 4, 4, 4, 4, 4, 4, 4, 4, 4, 4, 4, 4, 4, 4, 4, 4, 4, 4, 4, 4, 4, 4, 4, 4, 5, 5, 5, 5, 5, 5, 5, 5, 5, 5, 5, 5, 6, 6, 6, 6, 6, 6, 6, 6, 6, 6, 6, 6, 6, 6, 6, 6, 6, 6, 6, 6, 6, 6, 6, 6, 6, 6, 6, 6, 6, 6, 6, 6, 6, 6, 6, 6, 6, 6, 6, 6, 6, 6, 13, 13, 14, 13, 14, 14, 13, 13, 13], ""edges"": [[], [58], [], [55, 37, 43], [31, 49], [], [], [], [], [], [39], [48], [], [51], [45], [54], [33], [57], [42], [36], [30], [40], [], [34, 46], [52], [], [], [], [], [30], [31], [], [33], [34], [], [36], [37], [], [39], [40], [], [42], [43], [], [45], [46], [], [48], [49], [], [51], [52], [], [54], [55], [], [57], [58], [], [91, 97, 100], [94, 87, 96, 173], [89, 99, 176], [172, 175, 85, 93], [98, 159, 61, 84, 95, 59, 90, 88, 62, 92, 60, 158, 86], [182, 108, 102, 179], [180, 104, 109], [183, 106], [103, 105, 107, 161, 65, 101, 160, 64, 66], [113, 190, 120], [118, 121, 115, 187], [117, 189, 111, 186], [119, 110, 114, 69, 112, 68, 162, 116, 163, 70], [127, 130, 133, 194], [132, 196, 123, 193], [129, 197, 125], [74, 122, 72, 164, 128, 73, 124, 126, 131, 165], [142, 144, 201, 137], [139, 204, 145], [203, 200, 135, 141], [138, 140, 77, 143, 167, 166, 134, 78, 136, 76], [154, 211, 151], [147, 156, 207, 210], [153, 157, 149, 208], [82, 152, 80, 168, 148, 155, 150, 81, 169, 146], [85], [], [87], [], [89], [], [91], [], [93], [94], [], [96], [97], [], [99], [100], [], [102], [], [104], [], [106], [], [108], [109], [], [111], [], [113], [], [115], [], [117], [118], [], [120], [121], [], [123], [], [125], [], [127], [], [129], [130], [], [132], [133], [], [135], [], [137], [], [139], [], [141], [142], [], [144], [145], [], [147], [], [149], [], [151], [], [153], [154], [], [156], [157], [], [170], [174], [177], [181], [184], [188], [191], [195], [198], [202], [205], [209], [171], [172], [173], [], [175], [176], [], [178], [179], [180], [], [182], [183], [], [185], [186], [187], [], [189], [190], [], [192], [193], [194], [], [196], [197], [], [199], [200], [201], [], [203], [204], [], [206], [207], [208], [], [210], [211], [], [101, 136, 112], [103, 105], [29, 38, 171, 116, 192, 53, 92, 185, 56, 47, 178, 32, 202, 209, 41, 119, 128, 44, 181, 174, 143, 35, 50, 131, 152, 107], [90], [155, 195, 199, 206, 140, 188], [95, 98], [138, 88, 86, 126, 114, 150], [146, 122, 134, 110], [124, 84, 148]]}",29,0,30,25,74,12,42,0,0,0,0,0,0,6,3
logistics00,problogistics-11-0,8,1, 0.91,"{""labels"": [0, 0, 0, 0, 0, 0, 0, 0, 0, 0, 0, 0, 0, 0, 0, 0, 0, 0, 0, 0, 0, 0, 0, 0, 0, 0, 0, 0, 0, 2, 2, 2, 2, 2, 2, 2, 2, 2, 2, 2, 2, 2, 2, 2, 2, 2, 2, 2, 2, 2, 2, 2, 2, 2, 2, 2, 2, 2, 2, 2, 2, 2, 3, 3, 3, 3, 3, 3, 3, 3, 3, 3, 3, 3, 3, 3, 3, 3, 3, 3, 3, 3, 3, 3, 3, 3, 3, 4, 4, 4, 4, 4, 4, 4, 4, 4, 4, 4, 4, 4, 4, 4, 4, 4, 4, 4, 4, 4, 4, 4, 4, 4, 4, 4, 4, 4, 4, 4, 4, 4, 4, 4, 4, 4, 4, 4, 4, 4, 4, 4, 4, 4, 4, 4, 4, 4, 4, 4, 4, 4, 4, 4, 4, 4, 4, 4, 4, 4, 4, 4, 4, 4, 4, 4, 4, 4, 4, 4, 4, 4, 4, 5, 5, 5, 5, 5, 5, 5, 5, 5, 5, 5, 5, 6, 6, 6, 6, 6, 6, 6, 6, 6, 6, 6, 6, 6, 6, 6, 6, 6, 6, 6, 6, 6, 6, 6, 6, 6, 6, 6, 6, 6, 6, 6, 6, 6, 6, 6, 6, 6, 6, 6, 6, 6, 6, 13, 13, 14, 13, 14, 14, 13, 13, 13], ""edges"": [[], [31], [55, 34, 49], [], [], [], [], [], [], [39], [48], [51], [57], [33], [42], [45], [], [30], [60], [54], [36], [43, 46, 40], [], [], [52, 61, 37, 58], [], [], [], [], [30], [31], [], [33], [34], [], [36], [37], [], [39], [40], [], [42], [43], [], [45], [46], [], [48], [49], [], [51], [52], [], [54], [55], [], [57], [58], [], [60], [61], [], [94, 100, 103], [97, 90, 99, 176], [92, 102, 179], [175, 178, 88, 96], [101, 162, 64, 87, 98, 93, 91, 65, 95, 161, 63, 62, 89], [185, 111, 105, 182], [107, 112, 183], [109, 186], [106, 108, 110, 164, 68, 163, 67, 104, 69], [116, 123, 193], [124, 118, 190, 121], [120, 192, 114, 189], [122, 113, 117, 72, 115, 165, 119, 166, 71, 73], [130, 133, 136, 197], [135, 199, 126, 196], [132, 200, 128], [77, 125, 75, 167, 131, 76, 129, 127, 134, 168], [145, 147, 204, 140], [142, 207, 148], [138, 144, 206, 203], [141, 143, 170, 80, 146, 169, 137, 81, 139, 79], [157, 214, 154], [150, 159, 210, 213], [156, 160, 152, 211], [85, 155, 171, 84, 158, 153, 172, 83, 149, 151], [88], [], [90], [], [92], [], [94], [], [96], [97], [], [99], [100], [], [102], [103], [], [105], [], [107], [], [109], [], [111], [112], [], [114], [], [116], [], [118], [], [120], [121], [], [123], [124], [], [126], [], [128], [], [130], [], [132], [133], [], [135], [136], [], [138], [], [140], [], [142], [], [144], [145], [], [147], [148], [], [150], [], [152], [], [154], [], [156], [157], [], [159], [160], [], [173], [177], [180], [184], [187], [191], [194], [198], [201], [205], [208], [212], [174], [175], [176], [], [178], [179], [], [181], [182], [183], [], [185], [186], [], [188], [189], [190], [], [192], [193], [], [195], [196], [197], [], [199], [200], [], [202], [203], [204], [], [206], [207], [], [209], [210], [211], [], [213], [214], [], [104, 139, 115], [106, 108], [29, 38, 119, 195, 95, 188, 56, 47, 181, 32, 205, 212, 41, 122, 131, 44, 174, 184, 177, 146, 35, 50, 134, 59, 155, 110, 53], [93], [158, 202, 209, 143, 198, 191], [98, 101], [89, 141, 91, 117, 129, 153], [149, 125, 137, 113], [127, 151, 87]]}",29,0,33,25,74,12,42,0,0,0,0,0,0,6,3
logistics00,problogistics-11-1,9,1, 2.8,"{""labels"": [0, 0, 0, 0, 0, 0, 0, 0, 0, 0, 0, 0, 0, 0, 0, 0, 0, 0, 0, 0, 0, 0, 0, 0, 0, 0, 0, 0, 0, 2, 2, 2, 2, 2, 2, 2, 2, 2, 2, 2, 2, 2, 2, 2, 2, 2, 2, 2, 2, 2, 2, 2, 2, 2, 2, 2, 2, 2, 2, 2, 2, 2, 3, 3, 3, 3, 3, 3, 3, 3, 3, 3, 3, 3, 3, 3, 3, 3, 3, 3, 3, 3, 3, 3, 3, 3, 3, 4, 4, 4, 4, 4, 4, 4, 4, 4, 4, 4, 4, 4, 4, 4, 4, 4, 4, 4, 4, 4, 4, 4, 4, 4, 4, 4, 4, 4, 4, 4, 4, 4, 4, 4, 4, 4, 4, 4, 4, 4, 4, 4, 4, 4, 4, 4, 4, 4, 4, 4, 4, 4, 4, 4, 4, 4, 4, 4, 4, 4, 4, 4, 4, 4, 4, 4, 4, 4, 4, 4, 4, 4, 4, 5, 5, 5, 5, 5, 5, 5, 5, 5, 5, 5, 5, 6, 6, 6, 6, 6, 6, 6, 6, 6, 6, 6, 6, 6, 6, 6, 6, 6, 6, 6, 6, 6, 6, 6, 6, 6, 6, 6, 6, 6, 6, 6, 6, 6, 6, 6, 6, 6, 6, 6, 6, 6, 6, 13, 13, 14, 13, 14, 14, 13, 13, 13], ""edges"": [[], [], [43], [34, 52, 55], [49], [], [], [], [], [42], [54], [30], [33], [45], [48], [], [51], [57], [39], [36], [60], [61], [31, 58, 40], [], [46, 37], [], [], [], [], [30], [31], [], [33], [34], [], [36], [37], [], [39], [40], [], [42], [43], [], [45], [46], [], [48], [49], [], [51], [52], [], [54], [55], [], [57], [58], [], [60], [61], [], [94, 100, 103], [97, 90, 99, 176], [92, 102, 179], [175, 178, 88, 96], [98, 162, 64, 87, 101, 93, 91, 65, 95, 161, 63, 62, 89], [185, 105, 182, 111], [183, 107, 112], [186, 109], [106, 108, 110, 164, 68, 163, 67, 104, 69], [116, 193, 123], [121, 124, 118, 190], [192, 114, 189, 120], [122, 113, 72, 165, 119, 166, 71, 117, 73, 115], [130, 133, 136, 197], [135, 199, 126, 196], [132, 128, 200], [77, 125, 75, 167, 131, 76, 127, 129, 134, 168], [145, 147, 204, 140], [142, 207, 148], [206, 203, 138, 144], [141, 143, 80, 146, 170, 169, 79, 137, 81, 139], [157, 214, 154], [210, 150, 159, 213], [156, 160, 152, 211], [85, 155, 158, 83, 171, 84, 153, 172, 149, 151], [88], [], [90], [], [92], [], [94], [], [96], [97], [], [99], [100], [], [102], [103], [], [105], [], [107], [], [109], [], [111], [112], [], [114], [], [116], [], [118], [], [120], [121], [], [123], [124], [], [126], [], [128], [], [130], [], [132], [133], [], [135], [136], [], [138], [], [140], [], [142], [], [144], [145], [], [147], [148], [], [150], [], [152], [], [154], [], [156], [157], [], [159], [160], [], [173], [177], [180], [184], [187], [191], [194], [198], [201], [205], [208], [212], [174], [175], [176], [], [178], [179], [], [181], [182], [183], [], [185], [186], [], [188], [189], [190], [], [192], [193], [], [195], [196], [197], [], [199], [200], [], [202], [203], [204], [], [206], [207], [], [209], [210], [211], [], [213], [214], [], [104, 139, 115], [106, 108], [29, 38, 119, 195, 53, 95, 188, 56, 47, 181, 32, 205, 212, 41, 122, 131, 44, 174, 184, 177, 146, 35, 50, 134, 59, 155, 110], [93], [158, 198, 202, 143, 191, 209], [98, 101], [89, 141, 91, 129, 117, 153], [149, 125, 137, 113], [127, 87, 151]]}",29,0,33,25,74,12,42,0,0,0,0,0,0,6,3
logistics00,problogistics-12-0,7,1, 0.94,"{""labels"": [0, 0, 0, 0, 0, 0, 0, 0, 0, 0, 0, 0, 0, 0, 0, 0, 0, 0, 0, 0, 0, 0, 0, 0, 0, 0, 0, 0, 0, 2, 2, 2, 2, 2, 2, 2, 2, 2, 2, 2, 2, 2, 2, 2, 2, 2, 2, 2, 2, 2, 2, 2, 2, 2, 2, 2, 2, 2, 2, 2, 2, 2, 2, 2, 2, 3, 3, 3, 3, 3, 3, 3, 3, 3, 3, 3, 3, 3, 3, 3, 3, 3, 3, 3, 3, 3, 3, 3, 3, 3, 4, 4, 4, 4, 4, 4, 4, 4, 4, 4, 4, 4, 4, 4, 4, 4, 4, 4, 4, 4, 4, 4, 4, 4, 4, 4, 4, 4, 4, 4, 4, 4, 4, 4, 4, 4, 4, 4, 4, 4, 4, 4, 4, 4, 4, 4, 4, 4, 4, 4, 4, 4, 4, 4, 4, 4, 4, 4, 4, 4, 4, 4, 4, 4, 4, 4, 4, 4, 4, 4, 4, 4, 4, 4, 5, 5, 5, 5, 5, 5, 5, 5, 5, 5, 5, 5, 6, 6, 6, 6, 6, 6, 6, 6, 6, 6, 6, 6, 6, 6, 6, 6, 6, 6, 6, 6, 6, 6, 6, 6, 6, 6, 6, 6, 6, 6, 6, 6, 6, 6, 6, 6, 6, 6, 6, 6, 6, 6, 13, 13, 14, 13, 14, 14, 13, 13, 13], ""edges"": [[], [58, 31], [49], [], [52, 46, 61], [], [], [], [], [51], [60], [30], [48], [54], [63], [36], [45], [39], [57], [33], [42], [], [55, 40], [37], [34, 43, 64], [], [], [], [], [30], [31], [], [33], [34], [], [36], [37], [], [39], [40], [], [42], [43], [], [45], [46], [], [48], [49], [], [51], [52], [], [54], [55], [], [57], [58], [], [60], [61], [], [63], [64], [], [97, 103, 106], [100, 93, 102, 179], [95, 105, 182], [178, 181, 91, 99], [104, 165, 67, 90, 101, 96, 68, 98, 66, 164, 65, 94, 92], [188, 114, 108, 185], [186, 110, 115], [112, 189], [109, 111, 113, 167, 71, 166, 70, 107, 72], [119, 196, 126], [124, 127, 121, 193], [123, 195, 117, 192], [125, 116, 168, 75, 118, 122, 169, 74, 120, 76], [133, 136, 139, 200], [129, 202, 199, 138], [135, 203, 131], [80, 128, 78, 137, 170, 134, 79, 132, 130, 171], [148, 150, 207, 143], [145, 210, 151], [209, 206, 141, 147], [144, 146, 140, 83, 149, 173, 172, 84, 142, 82], [160, 217, 157], [153, 162, 213, 216], [159, 163, 155, 214], [88, 158, 161, 174, 175, 87, 156, 86, 152, 154], [91], [], [93], [], [95], [], [97], [], [99], [100], [], [102], [103], [], [105], [106], [], [108], [], [110], [], [112], [], [114], [115], [], [117], [], [119], [], [121], [], [123], [124], [], [126], [127], [], [129], [], [131], [], [133], [], [135], [136], [], [138], [139], [], [141], [], [143], [], [145], [], [147], [148], [], [150], [151], [], [153], [], [155], [], [157], [], [159], [160], [], [162], [163], [], [176], [180], [183], [187], [190], [194], [197], [201], [204], [208], [211], [215], [177], [178], [179], [], [181], [182], [], [184], [185], [186], [], [188], [189], [], [191], [192], [193], [], [195], [196], [], [198], [199], [200], [], [202], [203], [], [205], [206], [207], [], [209], [210], [], [212], [213], [214], [], [216], [217], [], [107, 142, 118], [109, 111], [29, 38, 177, 122, 198, 53, 98, 191, 56, 149, 47, 62, 184, 32, 125, 134, 44, 187, 41, 180, 208, 35, 50, 137, 59, 215, 158, 113], [96], [161, 201, 205, 212, 146, 194], [104, 101], [92, 144, 94, 156, 132, 120], [152, 128, 140, 116], [154, 90, 130]]}",29,0,36,25,74,12,42,0,0,0,0,0,0,6,3
logistics00,problogistics-12-1,9,1, 0.94,"{""labels"": [0, 0, 0, 0, 0, 0, 0, 0, 0, 0, 0, 0, 0, 0, 0, 0, 0, 0, 0, 0, 0, 0, 0, 0, 0, 0, 0, 0, 0, 2, 2, 2, 2, 2, 2, 2, 2, 2, 2, 2, 2, 2, 2, 2, 2, 2, 2, 2, 2, 2, 2, 2, 2, 2, 2, 2, 2, 2, 2, 2, 2, 2, 2, 2, 2, 3, 3, 3, 3, 3, 3, 3, 3, 3, 3, 3, 3, 3, 3, 3, 3, 3, 3, 3, 3, 3, 3, 3, 3, 3, 4, 4, 4, 4, 4, 4, 4, 4, 4, 4, 4, 4, 4, 4, 4, 4, 4, 4, 4, 4, 4, 4, 4, 4, 4, 4, 4, 4, 4, 4, 4, 4, 4, 4, 4, 4, 4, 4, 4, 4, 4, 4, 4, 4, 4, 4, 4, 4, 4, 4, 4, 4, 4, 4, 4, 4, 4, 4, 4, 4, 4, 4, 4, 4, 4, 4, 4, 4, 4, 4, 4, 4, 4, 4, 5, 5, 5, 5, 5, 5, 5, 5, 5, 5, 5, 5, 6, 6, 6, 6, 6, 6, 6, 6, 6, 6, 6, 6, 6, 6, 6, 6, 6, 6, 6, 6, 6, 6, 6, 6, 6, 6, 6, 6, 6, 6, 6, 6, 6, 6, 6, 6, 6, 6, 6, 6, 6, 6, 13, 13, 14, 13, 14, 14, 13, 13, 13], ""edges"": [[], [43], [58, 64], [55], [61], [], [], [], [], [42], [36], [63], [39], [51], [33], [30], [54], [48], [45], [57], [60], [31, 40, 46, 49], [], [52], [34, 37], [], [], [], [], [30], [31], [], [33], [34], [], [36], [37], [], [39], [40], [], [42], [43], [], [45], [46], [], [48], [49], [], [51], [52], [], [54], [55], [], [57], [58], [], [60], [61], [], [63], [64], [], [97, 106, 103], [100, 93, 102, 179], [95, 105, 182], [178, 181, 91, 99], [104, 165, 67, 90, 101, 96, 94, 68, 98, 66, 164, 65, 92], [188, 114, 108, 185], [186, 110, 115], [189, 112], [109, 111, 113, 167, 71, 166, 70, 107, 72], [119, 196, 126], [124, 127, 121, 193], [117, 195, 123, 192], [125, 116, 75, 118, 120, 74, 168, 122, 169, 76], [136, 139, 133, 200], [138, 202, 129, 199], [135, 131, 203], [80, 128, 78, 170, 134, 79, 130, 132, 137, 171], [148, 150, 207, 143], [145, 151, 210], [209, 141, 147, 206], [144, 146, 83, 149, 173, 172, 82, 140, 84, 142], [160, 217, 157], [153, 162, 213, 216], [159, 163, 155, 214], [88, 158, 161, 86, 174, 175, 87, 156, 152, 154], [91], [], [93], [], [95], [], [97], [], [99], [100], [], [102], [103], [], [105], [106], [], [108], [], [110], [], [112], [], [114], [115], [], [117], [], [119], [], [121], [], [123], [124], [], [126], [127], [], [129], [], [131], [], [133], [], [135], [136], [], [138], [139], [], [141], [], [143], [], [145], [], [147], [148], [], [150], [151], [], [153], [], [155], [], [157], [], [159], [160], [], [162], [163], [], [176], [180], [183], [187], [190], [194], [197], [201], [204], [208], [211], [215], [177], [178], [179], [], [181], [182], [], [184], [185], [186], [], [188], [189], [], [191], [192], [193], [], [195], [196], [], [198], [199], [200], [], [202], [203], [], [205], [206], [207], [], [209], [210], [], [212], [213], [214], [], [216], [217], [], [107, 142, 118], [109, 111], [29, 38, 177, 122, 53, 98, 191, 56, 47, 184, 32, 198, 215, 41, 125, 134, 44, 187, 180, 149, 208, 35, 50, 137, 59, 158, 113, 62], [96], [161, 205, 212, 146, 201, 194], [101, 104], [92, 94, 132, 156, 144, 120], [152, 128, 140, 116], [130, 90, 154]]}",29,0,36,25,74,12,42,0,0,0,0,0,0,6,3
logistics00,problogistics-13-0,8,1, 1.23,"{""labels"": [0, 0, 0, 0, 0, 0, 0, 0, 0, 0, 0, 0, 0, 0, 0, 0, 0, 0, 0, 0, 0, 0, 0, 0, 0, 0, 0, 0, 0, 0, 0, 0, 0, 0, 0, 0, 0, 2, 2, 2, 2, 2, 2, 2, 2, 2, 2, 2, 2, 2, 2, 2, 2, 2, 2, 2, 2, 2, 2, 2, 2, 2, 2, 2, 2, 2, 2, 2, 2, 2, 2, 2, 2, 2, 2, 2, 3, 3, 3, 3, 3, 3, 3, 3, 3, 3, 3, 3, 3, 3, 3, 3, 3, 3, 3, 3, 3, 3, 3, 3, 3, 4, 4, 4, 4, 4, 4, 4, 4, 4, 4, 4, 4, 4, 4, 4, 4, 4, 4, 4, 4, 4, 4, 4, 4, 4, 4, 4, 4, 4, 4, 4, 4, 4, 4, 4, 4, 4, 4, 4, 4, 4, 4, 4, 4, 4, 4, 4, 4, 4, 4, 4, 4, 4, 4, 4, 4, 4, 4, 4, 4, 4, 4, 4, 4, 4, 4, 4, 4, 4, 4, 4, 4, 4, 4, 5, 5, 5, 5, 5, 5, 5, 5, 5, 5, 5, 5, 6, 6, 6, 6, 6, 6, 6, 6, 6, 6, 6, 6, 6, 6, 6, 6, 6, 6, 6, 6, 6, 6, 6, 6, 6, 6, 6, 6, 6, 6, 6, 6, 6, 6, 6, 6, 6, 6, 6, 6, 6, 6, 13, 13, 14, 13, 14, 14, 13, 13, 13], ""edges"": [[], [], [39], [66, 51], [69], [54], [72], [], [], [], [], [], [47], [41], [56], [], [74], [44], [38], [65], [62], [68], [], [50], [71], [53], [59], [63, 60], [75], [42], [57], [48, 45], [], [], [], [], [], [38], [39], [], [41], [42], [], [44], [45], [], [47], [48], [], [50], [51], [], [53], [54], [], [56], [57], [], [59], [60], [], [62], [63], [], [65], [66], [], [68], [69], [], [71], [72], [], [74], [75], [], [108, 117, 114], [111, 104, 113, 190], [106, 116, 193], [189, 192, 102, 110], [115, 176, 101, 112, 107, 105, 79, 109, 77, 175, 78, 76, 103], [199, 125, 119, 196], [197, 121, 126], [123, 200], [120, 122, 124, 178, 82, 177, 81, 118, 83], [130, 207, 137], [135, 132, 204, 138], [134, 206, 128, 203], [136, 127, 86, 129, 85, 179, 133, 180, 131, 87], [147, 150, 144, 211], [149, 213, 140, 210], [214, 146, 142], [91, 139, 89, 181, 145, 90, 141, 182, 143, 148], [159, 161, 218, 154], [156, 221, 162], [220, 217, 152, 158], [155, 157, 184, 94, 160, 183, 93, 151, 95, 153], [171, 228, 168], [164, 173, 224, 227], [170, 174, 166, 225], [99, 172, 185, 186, 98, 167, 169, 97, 163, 165], [102], [], [104], [], [106], [], [108], [], [110], [111], [], [113], [114], [], [116], [117], [], [119], [], [121], [], [123], [], [125], [126], [], [128], [], [130], [], [132], [], [134], [135], [], [137], [138], [], [140], [], [142], [], [144], [], [146], [147], [], [149], [150], [], [152], [], [154], [], [156], [], [158], [159], [], [161], [162], [], [164], [], [166], [], [168], [], [170], [171], [], [173], [174], [], [187], [191], [194], [198], [201], [205], [208], [212], [215], [219], [222], [226], [188], [189], [190], [], [192], [193], [], [195], [196], [197], [], [199], [200], [], [202], [203], [204], [], [206], [207], [], [209], [210], [211], [], [213], [214], [], [216], [217], [218], [], [220], [221], [], [223], [224], [225], [], [227], [228], [], [118, 153, 129], [120, 122], [202, 37, 46, 188, 133, 209, 61, 109, 64, 55, 70, 73, 195, 40, 219, 226, 49, 136, 145, 52, 198, 191, 160, 43, 58, 148, 67, 169, 124], [107], [172, 216, 157, 212, 205, 223], [112, 115], [103, 155, 105, 131, 143, 167], [163, 139, 151, 127], [141, 101, 165]]}",37,0,39,25,74,12,42,0,0,0,0,0,0,6,3
logistics00,problogistics-13-1,8,1, 1.3,"{""labels"": [0, 0, 0, 0, 0, 0, 0, 0, 0, 0, 0, 0, 0, 0, 0, 0, 0, 0, 0, 0, 0, 0, 0, 0, 0, 0, 0, 0, 0, 0, 0, 0, 0, 0, 0, 0, 0, 2, 2, 2, 2, 2, 2, 2, 2, 2, 2, 2, 2, 2, 2, 2, 2, 2, 2, 2, 2, 2, 2, 2, 2, 2, 2, 2, 2, 2, 2, 2, 2, 2, 2, 2, 2, 2, 2, 2, 3, 3, 3, 3, 3, 3, 3, 3, 3, 3, 3, 3, 3, 3, 3, 3, 3, 3, 3, 3, 3, 3, 3, 3, 3, 4, 4, 4, 4, 4, 4, 4, 4, 4, 4, 4, 4, 4, 4, 4, 4, 4, 4, 4, 4, 4, 4, 4, 4, 4, 4, 4, 4, 4, 4, 4, 4, 4, 4, 4, 4, 4, 4, 4, 4, 4, 4, 4, 4, 4, 4, 4, 4, 4, 4, 4, 4, 4, 4, 4, 4, 4, 4, 4, 4, 4, 4, 4, 4, 4, 4, 4, 4, 4, 4, 4, 4, 4, 4, 5, 5, 5, 5, 5, 5, 5, 5, 5, 5, 5, 5, 6, 6, 6, 6, 6, 6, 6, 6, 6, 6, 6, 6, 6, 6, 6, 6, 6, 6, 6, 6, 6, 6, 6, 6, 6, 6, 6, 6, 6, 6, 6, 6, 6, 6, 6, 6, 6, 6, 6, 6, 6, 6, 13, 13, 14, 13, 14, 14, 13, 13, 13], ""edges"": [[], [], [51], [42, 69], [], [57, 66], [], [], [], [], [], [], [47], [38], [53], [68], [62], [50], [74], [], [65], [71], [59], [], [44], [56], [41], [63, 48], [39], [60, 75], [72, 45], [54], [], [], [], [], [], [38], [39], [], [41], [42], [], [44], [45], [], [47], [48], [], [50], [51], [], [53], [54], [], [56], [57], [], [59], [60], [], [62], [63], [], [65], [66], [], [68], [69], [], [71], [72], [], [74], [75], [], [108, 114, 117], [111, 104, 113, 190], [106, 116, 193], [189, 192, 102, 110], [176, 115, 78, 101, 112, 107, 105, 79, 109, 77, 175, 76, 103], [199, 125, 119, 196], [121, 126, 197], [200, 123], [120, 122, 124, 178, 82, 177, 81, 118, 83], [130, 207, 137], [135, 138, 132, 204], [134, 206, 128, 203], [136, 127, 131, 86, 179, 133, 180, 85, 87, 129], [144, 147, 150, 211], [213, 140, 210, 149], [146, 214, 142], [91, 139, 89, 181, 145, 90, 143, 141, 148, 182], [159, 161, 218, 154], [156, 221, 162], [217, 152, 220, 158], [157, 94, 160, 184, 155, 183, 151, 95, 153, 93], [171, 228, 168], [173, 224, 164, 227], [170, 174, 166, 225], [99, 169, 185, 98, 172, 167, 186, 97, 163, 165], [102], [], [104], [], [106], [], [108], [], [110], [111], [], [113], [114], [], [116], [117], [], [119], [], [121], [], [123], [], [125], [126], [], [128], [], [130], [], [132], [], [134], [135], [], [137], [138], [], [140], [], [142], [], [144], [], [146], [147], [], [149], [150], [], [152], [], [154], [], [156], [], [158], [159], [], [161], [162], [], [164], [], [166], [], [168], [], [170], [171], [], [173], [174], [], [187], [191], [194], [198], [201], [205], [208], [212], [215], [219], [222], [226], [188], [189], [190], [], [192], [193], [], [195], [196], [197], [], [199], [200], [], [202], [203], [204], [], [206], [207], [], [209], [210], [211], [], [213], [214], [], [216], [217], [218], [], [220], [221], [], [223], [224], [225], [], [227], [228], [], [118, 153, 129], [120, 122], [202, 37, 46, 188, 133, 209, 61, 109, 64, 55, 70, 73, 195, 40, 219, 226, 136, 145, 52, 198, 49, 191, 160, 58, 43, 148, 67, 169, 124], [107], [172, 216, 223, 157, 212, 205], [112, 115], [103, 155, 105, 143, 131, 167], [163, 139, 151, 127], [141, 165, 101]]}",37,0,39,25,74,12,42,0,0,0,0,0,0,6,3
logistics00,problogistics-14-0,7,1, 1.35,"{""labels"": [0, 0, 0, 0, 0, 0, 0, 0, 0, 0, 0, 0, 0, 0, 0, 0, 0, 0, 0, 0, 0, 0, 0, 0, 0, 0, 0, 0, 0, 0, 0, 0, 0, 0, 0, 0, 0, 2, 2, 2, 2, 2, 2, 2, 2, 2, 2, 2, 2, 2, 2, 2, 2, 2, 2, 2, 2, 2, 2, 2, 2, 2, 2, 2, 2, 2, 2, 2, 2, 2, 2, 2, 2, 2, 2, 2, 2, 2, 2, 3, 3, 3, 3, 3, 3, 3, 3, 3, 3, 3, 3, 3, 3, 3, 3, 3, 3, 3, 3, 3, 3, 3, 3, 3, 4, 4, 4, 4, 4, 4, 4, 4, 4, 4, 4, 4, 4, 4, 4, 4, 4, 4, 4, 4, 4, 4, 4, 4, 4, 4, 4, 4, 4, 4, 4, 4, 4, 4, 4, 4, 4, 4, 4, 4, 4, 4, 4, 4, 4, 4, 4, 4, 4, 4, 4, 4, 4, 4, 4, 4, 4, 4, 4, 4, 4, 4, 4, 4, 4, 4, 4, 4, 4, 4, 4, 4, 4, 4, 5, 5, 5, 5, 5, 5, 5, 5, 5, 5, 5, 5, 6, 6, 6, 6, 6, 6, 6, 6, 6, 6, 6, 6, 6, 6, 6, 6, 6, 6, 6, 6, 6, 6, 6, 6, 6, 6, 6, 6, 6, 6, 6, 6, 6, 6, 6, 6, 6, 6, 6, 6, 6, 6, 13, 13, 14, 13, 14, 14, 13, 13, 13], ""edges"": [[], [], [57], [], [63, 51], [66], [42, 39, 72], [], [], [], [], [], [65], [50], [56], [77], [68], [44], [47], [53], [74], [62], [59], [71], [38], [], [41], [], [45], [75], [60, 69, 54], [78, 48], [], [], [], [], [], [38], [39], [], [41], [42], [], [44], [45], [], [47], [48], [], [50], [51], [], [53], [54], [], [56], [57], [], [59], [60], [], [62], [63], [], [65], [66], [], [68], [69], [], [71], [72], [], [74], [75], [], [77], [78], [], [111, 117, 120], [114, 107, 116, 193], [109, 119, 196], [192, 195, 105, 113], [118, 179, 81, 104, 115, 110, 108, 82, 112, 80, 178, 79, 106], [202, 128, 122, 199], [200, 124, 129], [126, 203], [123, 125, 127, 181, 85, 121, 180, 84, 86], [133, 210, 140], [138, 141, 135, 207], [137, 209, 131, 206], [139, 89, 130, 88, 182, 136, 183, 134, 90, 132], [147, 150, 153, 214], [152, 216, 143, 213], [149, 217, 145], [184, 94, 142, 92, 148, 93, 144, 146, 151, 185], [162, 221, 157, 164], [159, 224, 165], [223, 220, 155, 161], [158, 97, 163, 187, 186, 160, 154, 98, 156, 96], [174, 171, 231], [167, 176, 230, 227], [173, 177, 169, 228], [102, 172, 175, 188, 101, 170, 189, 100, 166, 168], [105], [], [107], [], [109], [], [111], [], [113], [114], [], [116], [117], [], [119], [120], [], [122], [], [124], [], [126], [], [128], [129], [], [131], [], [133], [], [135], [], [137], [138], [], [140], [141], [], [143], [], [145], [], [147], [], [149], [150], [], [152], [153], [], [155], [], [157], [], [159], [], [161], [162], [], [164], [165], [], [167], [], [169], [], [171], [], [173], [174], [], [176], [177], [], [190], [194], [197], [201], [204], [208], [211], [215], [218], [222], [225], [229], [191], [192], [193], [], [195], [196], [], [198], [199], [200], [], [202], [203], [], [205], [206], [207], [], [209], [210], [], [212], [213], [214], [], [216], [217], [], [219], [220], [221], [], [223], [224], [], [226], [227], [228], [], [230], [231], [], [121, 156, 132], [123, 125], [205, 37, 46, 191, 136, 112, 61, 64, 55, 70, 73, 139, 198, 40, 212, 222, 49, 148, 52, 201, 194, 76, 163, 58, 43, 151, 67, 229, 172, 127], [110], [175, 219, 226, 160, 215, 208], [115, 118], [106, 146, 158, 108, 134, 170], [166, 142, 154, 130], [144, 104, 168]]}",37,0,42,25,74,12,42,0,0,0,0,0,0,6,3
logistics00,problogistics-14-1,8,1, 1.36,"{""labels"": [0, 0, 0, 0, 0, 0, 0, 0, 0, 0, 0, 0, 0, 0, 0, 0, 0, 0, 0, 0, 0, 0, 0, 0, 0, 0, 0, 0, 0, 0, 0, 0, 0, 0, 0, 0, 0, 2, 2, 2, 2, 2, 2, 2, 2, 2, 2, 2, 2, 2, 2, 2, 2, 2, 2, 2, 2, 2, 2, 2, 2, 2, 2, 2, 2, 2, 2, 2, 2, 2, 2, 2, 2, 2, 2, 2, 2, 2, 2, 3, 3, 3, 3, 3, 3, 3, 3, 3, 3, 3, 3, 3, 3, 3, 3, 3, 3, 3, 3, 3, 3, 3, 3, 3, 4, 4, 4, 4, 4, 4, 4, 4, 4, 4, 4, 4, 4, 4, 4, 4, 4, 4, 4, 4, 4, 4, 4, 4, 4, 4, 4, 4, 4, 4, 4, 4, 4, 4, 4, 4, 4, 4, 4, 4, 4, 4, 4, 4, 4, 4, 4, 4, 4, 4, 4, 4, 4, 4, 4, 4, 4, 4, 4, 4, 4, 4, 4, 4, 4, 4, 4, 4, 4, 4, 4, 4, 4, 4, 5, 5, 5, 5, 5, 5, 5, 5, 5, 5, 5, 5, 6, 6, 6, 6, 6, 6, 6, 6, 6, 6, 6, 6, 6, 6, 6, 6, 6, 6, 6, 6, 6, 6, 6, 6, 6, 6, 6, 6, 6, 6, 6, 6, 6, 6, 6, 6, 6, 6, 6, 6, 6, 6, 13, 13, 14, 13, 14, 14, 13, 13, 13], ""edges"": [[], [], [48, 51], [45], [72], [75], [57], [], [], [], [], [], [59], [71], [44], [77], [41], [], [62], [74], [38], [50], [65], [47], [53], [68], [56], [66, 69], [], [63, 42, 39], [60, 54, 78], [], [], [], [], [], [], [38], [39], [], [41], [42], [], [44], [45], [], [47], [48], [], [50], [51], [], [53], [54], [], [56], [57], [], [59], [60], [], [62], [63], [], [65], [66], [], [68], [69], [], [71], [72], [], [74], [75], [], [77], [78], [], [111, 117, 120], [114, 107, 116, 193], [109, 119, 196], [192, 105, 195, 113], [118, 179, 104, 115, 110, 82, 112, 80, 178, 81, 79, 108, 106], [202, 128, 122, 199], [200, 124, 129], [203, 126], [123, 125, 127, 84, 181, 85, 180, 121, 86], [133, 210, 140], [138, 141, 135, 207], [137, 209, 131, 206], [139, 130, 89, 132, 182, 136, 183, 88, 134, 90], [153, 147, 150, 214], [152, 216, 143, 213], [149, 217, 145], [184, 94, 93, 142, 92, 151, 148, 144, 146, 185], [162, 164, 221, 157], [224, 159, 165], [223, 220, 155, 161], [158, 154, 97, 163, 187, 186, 160, 98, 156, 96], [174, 231, 171], [227, 176, 167, 230], [173, 177, 169, 228], [102, 172, 175, 100, 188, 189, 168, 101, 170, 166], [105], [], [107], [], [109], [], [111], [], [113], [114], [], [116], [117], [], [119], [120], [], [122], [], [124], [], [126], [], [128], [129], [], [131], [], [133], [], [135], [], [137], [138], [], [140], [141], [], [143], [], [145], [], [147], [], [149], [150], [], [152], [153], [], [155], [], [157], [], [159], [], [161], [162], [], [164], [165], [], [167], [], [169], [], [171], [], [173], [174], [], [176], [177], [], [190], [194], [197], [201], [204], [208], [211], [215], [218], [222], [225], [229], [191], [192], [193], [], [195], [196], [], [198], [199], [200], [], [202], [203], [], [205], [206], [207], [], [209], [210], [], [212], [213], [214], [], [216], [217], [], [219], [220], [221], [], [223], [224], [], [226], [227], [228], [], [230], [231], [], [121, 156, 132], [123, 125], [205, 37, 46, 191, 136, 112, 64, 55, 70, 73, 198, 40, 212, 222, 229, 194, 49, 139, 148, 52, 201, 76, 163, 43, 58, 151, 67, 172, 127, 61], [110], [175, 219, 226, 160, 215, 208], [115, 118], [106, 158, 108, 134, 146, 170], [166, 154, 142, 130], [144, 104, 168]]}",37,0,42,25,74,12,42,0,0,0,0,0,0,6,3
logistics00,problogistics-15-0,8,1, 1.46,"{""labels"": [0, 0, 0, 0, 0, 0, 0, 0, 0, 0, 0, 0, 0, 0, 0, 0, 0, 0, 0, 0, 0, 0, 0, 0, 0, 0, 0, 0, 0, 0, 0, 0, 0, 0, 0, 0, 0, 2, 2, 2, 2, 2, 2, 2, 2, 2, 2, 2, 2, 2, 2, 2, 2, 2, 2, 2, 2, 2, 2, 2, 2, 2, 2, 2, 2, 2, 2, 2, 2, 2, 2, 2, 2, 2, 2, 2, 2, 2, 2, 2, 2, 2, 3, 3, 3, 3, 3, 3, 3, 3, 3, 3, 3, 3, 3, 3, 3, 3, 3, 3, 3, 3, 3, 3, 3, 3, 3, 4, 4, 4, 4, 4, 4, 4, 4, 4, 4, 4, 4, 4, 4, 4, 4, 4, 4, 4, 4, 4, 4, 4, 4, 4, 4, 4, 4, 4, 4, 4, 4, 4, 4, 4, 4, 4, 4, 4, 4, 4, 4, 4, 4, 4, 4, 4, 4, 4, 4, 4, 4, 4, 4, 4, 4, 4, 4, 4, 4, 4, 4, 4, 4, 4, 4, 4, 4, 4, 4, 4, 4, 4, 4, 5, 5, 5, 5, 5, 5, 5, 5, 5, 5, 5, 5, 6, 6, 6, 6, 6, 6, 6, 6, 6, 6, 6, 6, 6, 6, 6, 6, 6, 6, 6, 6, 6, 6, 6, 6, 6, 6, 6, 6, 6, 6, 6, 6, 6, 6, 6, 6, 6, 6, 6, 6, 6, 6, 13, 13, 14, 13, 14, 14, 13, 13, 13], ""edges"": [[], [], [81, 48], [66, 78], [63, 72], [42, 69, 39], [], [], [], [], [], [], [62], [53], [47], [74], [38], [50], [41], [59], [71], [80], [65], [44], [56], [68], [77], [], [54], [57, 60, 75], [51], [45], [], [], [], [], [], [38], [39], [], [41], [42], [], [44], [45], [], [47], [48], [], [50], [51], [], [53], [54], [], [56], [57], [], [59], [60], [], [62], [63], [], [65], [66], [], [68], [69], [], [71], [72], [], [74], [75], [], [77], [78], [], [80], [81], [], [114, 120, 123], [117, 110, 119, 196], [112, 122, 199], [195, 198, 108, 116], [121, 181, 182, 84, 107, 118, 113, 111, 85, 115, 83, 82, 109], [205, 131, 125, 202], [203, 127, 132], [206, 129], [87, 126, 128, 130, 184, 88, 183, 124, 89], [136, 213, 143], [141, 144, 138, 210], [212, 134, 209, 140], [142, 133, 92, 135, 91, 185, 139, 186, 137, 93], [150, 153, 156, 217], [155, 219, 146, 216], [152, 220, 148], [97, 145, 95, 187, 151, 96, 147, 188, 149, 154], [224, 160, 165, 167], [227, 162, 168], [226, 223, 158, 164], [161, 163, 99, 100, 166, 190, 189, 157, 101, 159], [177, 234, 174], [170, 179, 230, 233], [180, 176, 172, 231], [105, 175, 104, 178, 173, 191, 192, 103, 169, 171], [108], [], [110], [], [112], [], [114], [], [116], [117], [], [119], [120], [], [122], [123], [], [125], [], [127], [], [129], [], [131], [132], [], [134], [], [136], [], [138], [], [140], [141], [], [143], [144], [], [146], [], [148], [], [150], [], [152], [153], [], [155], [156], [], [158], [], [160], [], [162], [], [164], [165], [], [167], [168], [], [170], [], [172], [], [174], [], [176], [177], [], [179], [180], [], [193], [197], [200], [204], [207], [211], [214], [218], [221], [225], [228], [232], [194], [195], [196], [], [198], [199], [], [201], [202], [203], [], [205], [206], [], [208], [209], [210], [], [212], [213], [], [215], [216], [217], [], [219], [220], [], [222], [223], [224], [], [226], [227], [], [229], [230], [231], [], [233], [234], [], [124, 159, 135], [126, 128], [208, 37, 46, 79, 139, 215, 61, 115, 64, 55, 70, 73, 201, 40, 225, 204, 232, 49, 166, 142, 151, 52, 194, 197, 76, 43, 58, 154, 67, 175, 130], [113], [178, 222, 229, 163, 218, 211], [118, 121], [109, 111, 149, 161, 137, 173], [169, 145, 157, 133], [147, 107, 171]]}",37,0,45,25,74,12,42,0,0,0,0,0,0,6,3
logistics00,problogistics-15-1,7,1, 1.41,"{""labels"": [0, 0, 0, 0, 0, 0, 0, 0, 0, 0, 0, 0, 0, 0, 0, 0, 0, 0, 0, 0, 0, 0, 0, 0, 0, 0, 0, 0, 0, 0, 0, 0, 0, 0, 0, 0, 0, 2, 2, 2, 2, 2, 2, 2, 2, 2, 2, 2, 2, 2, 2, 2, 2, 2, 2, 2, 2, 2, 2, 2, 2, 2, 2, 2, 2, 2, 2, 2, 2, 2, 2, 2, 2, 2, 2, 2, 2, 2, 2, 2, 2, 2, 3, 3, 3, 3, 3, 3, 3, 3, 3, 3, 3, 3, 3, 3, 3, 3, 3, 3, 3, 3, 3, 3, 3, 3, 3, 4, 4, 4, 4, 4, 4, 4, 4, 4, 4, 4, 4, 4, 4, 4, 4, 4, 4, 4, 4, 4, 4, 4, 4, 4, 4, 4, 4, 4, 4, 4, 4, 4, 4, 4, 4, 4, 4, 4, 4, 4, 4, 4, 4, 4, 4, 4, 4, 4, 4, 4, 4, 4, 4, 4, 4, 4, 4, 4, 4, 4, 4, 4, 4, 4, 4, 4, 4, 4, 4, 4, 4, 4, 4, 5, 5, 5, 5, 5, 5, 5, 5, 5, 5, 5, 5, 6, 6, 6, 6, 6, 6, 6, 6, 6, 6, 6, 6, 6, 6, 6, 6, 6, 6, 6, 6, 6, 6, 6, 6, 6, 6, 6, 6, 6, 6, 6, 6, 6, 6, 6, 6, 6, 6, 6, 6, 6, 6, 13, 13, 14, 13, 14, 14, 13, 13, 13], ""edges"": [[], [], [54, 60], [42], [63, 78, 48, 57], [66, 45, 39], [], [], [], [], [], [], [68], [50], [77], [65], [41], [71], [38], [53], [74], [80], [44], [56], [62], [59], [47], [51, 81], [], [69, 75], [72], [], [], [], [], [], [], [38], [39], [], [41], [42], [], [44], [45], [], [47], [48], [], [50], [51], [], [53], [54], [], [56], [57], [], [59], [60], [], [62], [63], [], [65], [66], [], [68], [69], [], [71], [72], [], [74], [75], [], [77], [78], [], [80], [81], [], [114, 120, 123], [117, 110, 119, 196], [112, 122, 199], [195, 198, 108, 116], [121, 181, 182, 84, 107, 118, 113, 111, 85, 115, 83, 82, 109], [205, 131, 125, 202], [127, 132, 203], [129, 206], [184, 126, 128, 130, 88, 183, 87, 124, 89], [136, 143, 213], [141, 144, 138, 210], [212, 134, 209, 140], [142, 92, 133, 185, 139, 186, 91, 137, 93, 135], [156, 153, 150, 217], [155, 219, 146, 216], [152, 220, 148], [97, 96, 145, 95, 187, 151, 149, 147, 154, 188], [165, 167, 224, 160], [162, 227, 168], [226, 223, 158, 164], [161, 163, 157, 100, 166, 190, 189, 101, 159, 99], [177, 234, 174], [179, 170, 230, 233], [180, 172, 176, 231], [175, 178, 191, 192, 104, 105, 173, 103, 169, 171], [108], [], [110], [], [112], [], [114], [], [116], [117], [], [119], [120], [], [122], [123], [], [125], [], [127], [], [129], [], [131], [132], [], [134], [], [136], [], [138], [], [140], [141], [], [143], [144], [], [146], [], [148], [], [150], [], [152], [153], [], [155], [156], [], [158], [], [160], [], [162], [], [164], [165], [], [167], [168], [], [170], [], [172], [], [174], [], [176], [177], [], [179], [180], [], [193], [197], [200], [204], [207], [211], [214], [218], [221], [225], [228], [232], [194], [195], [196], [], [198], [199], [], [201], [202], [203], [], [205], [206], [], [208], [209], [210], [], [212], [213], [], [215], [216], [217], [], [219], [220], [], [222], [223], [224], [], [226], [227], [], [229], [230], [231], [], [233], [234], [], [124, 159, 135], [126, 128], [208, 37, 46, 79, 139, 215, 61, 115, 64, 55, 70, 73, 130, 201, 40, 225, 232, 142, 151, 52, 194, 49, 197, 76, 166, 43, 58, 154, 67, 175, 204], [113], [178, 222, 163, 218, 211, 229], [121, 118], [109, 161, 111, 149, 173, 137], [169, 145, 157, 133], [147, 107, 171]]}",37,0,45,25,74,12,42,0,0,0,0,0,0,6,3
logistics00,problogistics-4-0,6,1, 0.79,"{""labels"": [0, 0, 0, 0, 0, 0, 0, 0, 0, 0, 0, 0, 0, 0, 0, 2, 2, 2, 2, 2, 2, 2, 2, 2, 2, 2, 2, 3, 3, 3, 3, 3, 3, 3, 3, 3, 3, 3, 3, 3, 3, 3, 3, 3, 3, 3, 3, 3, 3, 3, 3, 3, 4, 4, 4, 4, 4, 4, 4, 4, 4, 4, 4, 4, 4, 4, 4, 4, 4, 4, 4, 4, 4, 4, 4, 4, 4, 4, 4, 4, 4, 4, 4, 4, 4, 4, 4, 4, 4, 4, 4, 4, 4, 4, 4, 4, 4, 4, 4, 4, 4, 4, 4, 4, 4, 4, 4, 4, 4, 4, 4, 4, 4, 4, 4, 4, 4, 4, 4, 4, 4, 4, 4, 4, 4, 4, 5, 5, 5, 5, 5, 5, 5, 5, 5, 5, 5, 5, 6, 6, 6, 6, 6, 6, 6, 6, 6, 6, 6, 6, 6, 6, 6, 6, 6, 6, 6, 6, 6, 6, 6, 6, 6, 6, 6, 6, 6, 6, 6, 6, 6, 6, 6, 6, 6, 6, 6, 6, 6, 6, 13, 13, 14, 13, 14, 14, 13, 13, 13], ""edges"": [[], [17, 23], [], [], [], [16], [], [22], [25], [], [19], [20, 26], [], [], [], [16], [17], [], [19], [20], [], [22], [23], [], [25], [26], [], [59, 65, 68], [62, 55, 64, 141], [57, 67, 144], [140, 143, 53, 61], [66, 127, 29, 52, 63, 58, 56, 30, 60, 28, 126, 27, 54], [150, 76, 70, 147], [148, 72, 77], [151, 74], [71, 73, 75, 129, 33, 128, 32, 69, 34], [81, 158, 88], [86, 89, 83, 155], [157, 79, 154, 85], [84, 87, 78, 82, 37, 80, 36, 130, 131, 38], [95, 101, 98, 162], [100, 164, 91, 161], [97, 165, 93], [42, 90, 40, 92, 132, 96, 41, 94, 99, 133], [110, 112, 169, 105], [107, 172, 113], [171, 168, 103, 109], [106, 108, 45, 111, 135, 134, 102, 46, 104, 44], [122, 179, 119], [175, 115, 124, 178], [121, 125, 117, 176], [50, 120, 123, 49, 118, 136, 137, 48, 114, 116], [53], [], [55], [], [57], [], [59], [], [61], [62], [], [64], [65], [], [67], [68], [], [70], [], [72], [], [74], [], [76], [77], [], [79], [], [81], [], [83], [], [85], [86], [], [88], [89], [], [91], [], [93], [], [95], [], [97], [98], [], [100], [101], [], [103], [], [105], [], [107], [], [109], [110], [], [112], [113], [], [115], [], [117], [], [119], [], [121], [122], [], [124], [125], [], [138], [142], [145], [149], [152], [156], [159], [163], [166], [170], [173], [177], [139], [140], [141], [], [143], [144], [], [146], [147], [148], [], [150], [151], [], [153], [154], [155], [], [157], [158], [], [160], [161], [162], [], [164], [165], [], [167], [168], [169], [], [171], [172], [], [174], [175], [176], [], [178], [179], [], [69, 104, 80], [71, 73], [15, 24, 139, 84, 160, 60, 153, 146, 18, 170, 177, 87, 96, 149, 142, 111, 21, 99, 120, 75], [58], [123, 167, 108, 163, 156, 174], [63, 66], [54, 106, 56, 94, 82, 118], [114, 90, 102, 78], [92, 52, 116]]}",15,0,12,25,74,12,42,0,0,0,0,0,0,6,3
logistics00,problogistics-4-1,6,1, 0.64,"{""labels"": [0, 0, 0, 0, 0, 0, 0, 0, 0, 0, 0, 0, 0, 0, 0, 2, 2, 2, 2, 2, 2, 2, 2, 2, 2, 2, 2, 3, 3, 3, 3, 3, 3, 3, 3, 3, 3, 3, 3, 3, 3, 3, 3, 3, 3, 3, 3, 3, 3, 3, 3, 3, 4, 4, 4, 4, 4, 4, 4, 4, 4, 4, 4, 4, 4, 4, 4, 4, 4, 4, 4, 4, 4, 4, 4, 4, 4, 4, 4, 4, 4, 4, 4, 4, 4, 4, 4, 4, 4, 4, 4, 4, 4, 4, 4, 4, 4, 4, 4, 4, 4, 4, 4, 4, 4, 4, 4, 4, 4, 4, 4, 4, 4, 4, 4, 4, 4, 4, 4, 4, 4, 4, 4, 4, 4, 4, 5, 5, 5, 5, 5, 5, 5, 5, 5, 5, 5, 5, 6, 6, 6, 6, 6, 6, 6, 6, 6, 6, 6, 6, 6, 6, 6, 6, 6, 6, 6, 6, 6, 6, 6, 6, 6, 6, 6, 6, 6, 6, 6, 6, 6, 6, 6, 6, 6, 6, 6, 6, 6, 6, 13, 13, 14, 13, 14, 14, 13, 13, 13], ""edges"": [[], [20], [23, 17], [], [], [25], [16], [19], [22], [], [], [], [26], [], [], [16], [17], [], [19], [20], [], [22], [23], [], [25], [26], [], [59, 65, 68], [62, 55, 64, 141], [57, 67, 144], [140, 143, 53, 61], [66, 127, 52, 63, 58, 56, 30, 60, 28, 126, 29, 27, 54], [150, 76, 70, 147], [72, 77, 148], [151, 74], [71, 73, 75, 129, 33, 128, 32, 69, 34], [81, 158, 88], [86, 89, 83, 155], [85, 157, 79, 154], [87, 78, 82, 37, 80, 36, 130, 84, 131, 38], [95, 101, 98, 162], [100, 164, 91, 161], [97, 165, 93], [42, 90, 40, 92, 132, 96, 41, 94, 99, 133], [110, 112, 169, 105], [107, 172, 113], [171, 168, 103, 109], [106, 108, 45, 111, 135, 134, 102, 46, 104, 44], [122, 179, 119], [175, 115, 124, 178], [121, 125, 117, 176], [50, 120, 123, 136, 49, 118, 137, 48, 114, 116], [53], [], [55], [], [57], [], [59], [], [61], [62], [], [64], [65], [], [67], [68], [], [70], [], [72], [], [74], [], [76], [77], [], [79], [], [81], [], [83], [], [85], [86], [], [88], [89], [], [91], [], [93], [], [95], [], [97], [98], [], [100], [101], [], [103], [], [105], [], [107], [], [109], [110], [], [112], [113], [], [115], [], [117], [], [119], [], [121], [122], [], [124], [125], [], [138], [142], [145], [149], [152], [156], [159], [163], [166], [170], [173], [177], [139], [140], [141], [], [143], [144], [], [146], [147], [148], [], [150], [151], [], [153], [154], [155], [], [157], [158], [], [160], [161], [162], [], [164], [165], [], [167], [168], [169], [], [171], [172], [], [174], [175], [176], [], [178], [179], [], [69, 104, 80], [71, 73], [15, 24, 139, 84, 160, 60, 153, 146, 18, 170, 177, 87, 96, 149, 142, 111, 21, 99, 120, 75], [58], [123, 163, 167, 174, 108, 156], [63, 66], [54, 106, 56, 94, 82, 118], [114, 90, 102, 78], [92, 52, 116]]}",15,0,12,25,74,12,42,0,0,0,0,0,0,6,3
logistics00,problogistics-4-2,6,1, 0.64,"{""labels"": [0, 0, 0, 0, 0, 0, 0, 0, 0, 0, 0, 0, 0, 0, 0, 2, 2, 2, 2, 2, 2, 2, 2, 2, 2, 2, 2, 3, 3, 3, 3, 3, 3, 3, 3, 3, 3, 3, 3, 3, 3, 3, 3, 3, 3, 3, 3, 3, 3, 3, 3, 3, 4, 4, 4, 4, 4, 4, 4, 4, 4, 4, 4, 4, 4, 4, 4, 4, 4, 4, 4, 4, 4, 4, 4, 4, 4, 4, 4, 4, 4, 4, 4, 4, 4, 4, 4, 4, 4, 4, 4, 4, 4, 4, 4, 4, 4, 4, 4, 4, 4, 4, 4, 4, 4, 4, 4, 4, 4, 4, 4, 4, 4, 4, 4, 4, 4, 4, 4, 4, 4, 4, 4, 4, 4, 4, 5, 5, 5, 5, 5, 5, 5, 5, 5, 5, 5, 5, 6, 6, 6, 6, 6, 6, 6, 6, 6, 6, 6, 6, 6, 6, 6, 6, 6, 6, 6, 6, 6, 6, 6, 6, 6, 6, 6, 6, 6, 6, 6, 6, 6, 6, 6, 6, 6, 6, 6, 6, 6, 6, 13, 13, 14, 13, 14, 14, 13, 13, 13], ""edges"": [[], [17], [], [], [], [19], [25], [], [16], [], [22], [26], [20, 23], [], [], [16], [17], [], [19], [20], [], [22], [23], [], [25], [26], [], [59, 65, 68], [62, 55, 64, 141], [57, 67, 144], [140, 143, 53, 61], [66, 127, 29, 52, 63, 58, 56, 30, 60, 28, 126, 27, 54], [150, 76, 70, 147], [148, 72, 77], [151, 74], [71, 73, 75, 129, 33, 128, 32, 69, 34], [81, 158, 88], [86, 89, 83, 155], [85, 157, 79, 154], [87, 78, 82, 37, 80, 36, 130, 84, 131, 38], [95, 98, 101, 162], [100, 164, 91, 161], [97, 165, 93], [42, 90, 40, 132, 96, 41, 92, 94, 99, 133], [110, 112, 169, 105], [107, 172, 113], [171, 168, 103, 109], [106, 108, 45, 111, 135, 134, 102, 46, 104, 44], [122, 179, 119], [175, 115, 124, 178], [121, 125, 117, 176], [50, 120, 136, 49, 123, 118, 137, 48, 114, 116], [53], [], [55], [], [57], [], [59], [], [61], [62], [], [64], [65], [], [67], [68], [], [70], [], [72], [], [74], [], [76], [77], [], [79], [], [81], [], [83], [], [85], [86], [], [88], [89], [], [91], [], [93], [], [95], [], [97], [98], [], [100], [101], [], [103], [], [105], [], [107], [], [109], [110], [], [112], [113], [], [115], [], [117], [], [119], [], [121], [122], [], [124], [125], [], [138], [142], [145], [149], [152], [156], [159], [163], [166], [170], [173], [177], [139], [140], [141], [], [143], [144], [], [146], [147], [148], [], [150], [151], [], [153], [154], [155], [], [157], [158], [], [160], [161], [162], [], [164], [165], [], [167], [168], [169], [], [171], [172], [], [174], [175], [176], [], [178], [179], [], [69, 104, 80], [71, 73], [15, 24, 139, 84, 160, 60, 153, 146, 18, 170, 177, 87, 96, 149, 142, 111, 21, 99, 120, 75], [58], [123, 167, 174, 108, 163, 156], [63, 66], [54, 106, 56, 94, 82, 118], [114, 90, 102, 78], [92, 52, 116]]}",15,0,12,25,74,12,42,0,0,0,0,0,0,6,3
logistics00,problogistics-5-0,6,1, 0.63,"{""labels"": [0, 0, 0, 0, 0, 0, 0, 0, 0, 0, 0, 0, 0, 0, 0, 2, 2, 2, 2, 2, 2, 2, 2, 2, 2, 2, 2, 2, 2, 2, 3, 3, 3, 3, 3, 3, 3, 3, 3, 3, 3, 3, 3, 3, 3, 3, 3, 3, 3, 3, 3, 3, 3, 3, 3, 4, 4, 4, 4, 4, 4, 4, 4, 4, 4, 4, 4, 4, 4, 4, 4, 4, 4, 4, 4, 4, 4, 4, 4, 4, 4, 4, 4, 4, 4, 4, 4, 4, 4, 4, 4, 4, 4, 4, 4, 4, 4, 4, 4, 4, 4, 4, 4, 4, 4, 4, 4, 4, 4, 4, 4, 4, 4, 4, 4, 4, 4, 4, 4, 4, 4, 4, 4, 4, 4, 4, 4, 4, 4, 5, 5, 5, 5, 5, 5, 5, 5, 5, 5, 5, 5, 6, 6, 6, 6, 6, 6, 6, 6, 6, 6, 6, 6, 6, 6, 6, 6, 6, 6, 6, 6, 6, 6, 6, 6, 6, 6, 6, 6, 6, 6, 6, 6, 6, 6, 6, 6, 6, 6, 6, 6, 6, 6, 13, 13, 14, 13, 14, 14, 13, 13, 13], ""edges"": [[], [20], [23, 17], [], [], [28], [25], [22], [], [19], [16], [], [26, 29], [], [], [16], [17], [], [19], [20], [], [22], [23], [], [25], [26], [], [28], [29], [], [62, 68, 71], [65, 58, 67, 144], [60, 70, 147], [143, 146, 56, 64], [69, 130, 32, 55, 66, 61, 59, 33, 63, 129, 31, 30, 57], [153, 79, 73, 150], [151, 75, 80], [154, 77], [74, 76, 78, 132, 36, 131, 35, 72, 37], [84, 161, 91], [89, 92, 86, 158], [88, 160, 82, 157], [90, 81, 40, 83, 41, 39, 133, 87, 134, 85], [98, 101, 104, 165], [103, 94, 167, 164], [100, 168, 96], [45, 93, 43, 102, 135, 99, 44, 95, 97, 136], [113, 115, 172, 108], [110, 175, 116], [174, 171, 106, 112], [109, 111, 48, 114, 138, 137, 47, 105, 49, 107], [125, 182, 122], [178, 118, 127, 181], [124, 128, 120, 179], [53, 123, 126, 139, 52, 140, 51, 117, 119, 121], [56], [], [58], [], [60], [], [62], [], [64], [65], [], [67], [68], [], [70], [71], [], [73], [], [75], [], [77], [], [79], [80], [], [82], [], [84], [], [86], [], [88], [89], [], [91], [92], [], [94], [], [96], [], [98], [], [100], [101], [], [103], [104], [], [106], [], [108], [], [110], [], [112], [113], [], [115], [116], [], [118], [], [120], [], [122], [], [124], [125], [], [127], [128], [], [141], [145], [148], [152], [155], [159], [162], [166], [169], [173], [176], [180], [142], [143], [144], [], [146], [147], [], [149], [150], [151], [], [153], [154], [], [156], [157], [158], [], [160], [161], [], [163], [164], [165], [], [167], [168], [], [170], [171], [172], [], [174], [175], [], [177], [178], [179], [], [181], [182], [], [72, 107, 83], [74, 76], [15, 24, 142, 87, 156, 149, 18, 163, 173, 27, 90, 99, 152, 145, 114, 21, 102, 180, 123, 78, 63], [61], [126, 166, 170, 177, 111, 159], [66, 69], [57, 109, 59, 97, 85, 121], [117, 93, 105, 81], [95, 55, 119]]}",15,0,15,25,74,12,42,0,0,0,0,0,0,6,3
logistics00,problogistics-5-1,6,1, 0.62,"{""labels"": [0, 0, 0, 0, 0, 0, 0, 0, 0, 0, 0, 0, 0, 0, 0, 2, 2, 2, 2, 2, 2, 2, 2, 2, 2, 2, 2, 2, 2, 2, 3, 3, 3, 3, 3, 3, 3, 3, 3, 3, 3, 3, 3, 3, 3, 3, 3, 3, 3, 3, 3, 3, 3, 3, 3, 4, 4, 4, 4, 4, 4, 4, 4, 4, 4, 4, 4, 4, 4, 4, 4, 4, 4, 4, 4, 4, 4, 4, 4, 4, 4, 4, 4, 4, 4, 4, 4, 4, 4, 4, 4, 4, 4, 4, 4, 4, 4, 4, 4, 4, 4, 4, 4, 4, 4, 4, 4, 4, 4, 4, 4, 4, 4, 4, 4, 4, 4, 4, 4, 4, 4, 4, 4, 4, 4, 4, 4, 4, 4, 5, 5, 5, 5, 5, 5, 5, 5, 5, 5, 5, 5, 6, 6, 6, 6, 6, 6, 6, 6, 6, 6, 6, 6, 6, 6, 6, 6, 6, 6, 6, 6, 6, 6, 6, 6, 6, 6, 6, 6, 6, 6, 6, 6, 6, 6, 6, 6, 6, 6, 6, 6, 6, 6, 13, 13, 14, 13, 14, 14, 13, 13, 13], ""edges"": [[], [29], [26, 23], [], [], [19], [28], [], [25], [22], [16], [17, 20], [], [], [], [16], [17], [], [19], [20], [], [22], [23], [], [25], [26], [], [28], [29], [], [62, 68, 71], [65, 58, 67, 144], [60, 70, 147], [143, 146, 56, 64], [69, 130, 32, 55, 66, 61, 59, 33, 63, 31, 129, 30, 57], [153, 79, 73, 150], [151, 75, 80], [154, 77], [74, 76, 78, 132, 36, 131, 35, 72, 37], [84, 161, 91], [89, 92, 86, 158], [160, 82, 157, 88], [90, 81, 40, 83, 39, 133, 87, 134, 85, 41], [98, 101, 104, 165], [103, 167, 94, 164], [100, 168, 96], [45, 93, 43, 135, 99, 44, 95, 97, 102, 136], [113, 115, 172, 108], [110, 175, 116], [174, 171, 106, 112], [109, 111, 48, 114, 138, 137, 47, 105, 49, 107], [125, 182, 122], [178, 118, 127, 181], [124, 128, 120, 179], [53, 123, 126, 139, 52, 121, 140, 51, 117, 119], [56], [], [58], [], [60], [], [62], [], [64], [65], [], [67], [68], [], [70], [71], [], [73], [], [75], [], [77], [], [79], [80], [], [82], [], [84], [], [86], [], [88], [89], [], [91], [92], [], [94], [], [96], [], [98], [], [100], [101], [], [103], [104], [], [106], [], [108], [], [110], [], [112], [113], [], [115], [116], [], [118], [], [120], [], [122], [], [124], [125], [], [127], [128], [], [141], [145], [148], [152], [155], [159], [162], [166], [169], [173], [176], [180], [142], [143], [144], [], [146], [147], [], [149], [150], [151], [], [153], [154], [], [156], [157], [158], [], [160], [161], [], [163], [164], [165], [], [167], [168], [], [170], [171], [172], [], [174], [175], [], [177], [178], [179], [], [181], [182], [], [72, 107, 83], [74, 76], [15, 24, 142, 87, 63, 156, 149, 18, 163, 173, 180, 27, 114, 90, 99, 152, 145, 21, 102, 123, 78], [61], [126, 170, 177, 111, 166, 159], [66, 69], [57, 109, 59, 97, 85, 121], [117, 93, 105, 81], [55, 119, 95]]}",15,0,15,25,74,12,42,0,0,0,0,0,0,6,3
logistics00,problogistics-5-2,2,1, 0.63,"{""labels"": [0, 0, 0, 0, 0, 0, 0, 0, 0, 0, 0, 0, 0, 0, 0, 2, 2, 2, 2, 2, 2, 2, 2, 2, 2, 2, 2, 2, 2, 2, 3, 3, 3, 3, 3, 3, 3, 3, 3, 3, 3, 3, 3, 3, 3, 3, 3, 3, 3, 3, 3, 3, 3, 3, 3, 4, 4, 4, 4, 4, 4, 4, 4, 4, 4, 4, 4, 4, 4, 4, 4, 4, 4, 4, 4, 4, 4, 4, 4, 4, 4, 4, 4, 4, 4, 4, 4, 4, 4, 4, 4, 4, 4, 4, 4, 4, 4, 4, 4, 4, 4, 4, 4, 4, 4, 4, 4, 4, 4, 4, 4, 4, 4, 4, 4, 4, 4, 4, 4, 4, 4, 4, 4, 4, 4, 4, 4, 4, 4, 5, 5, 5, 5, 5, 5, 5, 5, 5, 5, 5, 5, 6, 6, 6, 6, 6, 6, 6, 6, 6, 6, 6, 6, 6, 6, 6, 6, 6, 6, 6, 6, 6, 6, 6, 6, 6, 6, 6, 6, 6, 6, 6, 6, 6, 6, 6, 6, 6, 6, 6, 6, 6, 6, 13, 13, 14, 13, 14, 14, 13, 13, 13], ""edges"": [[], [20], [29, 17], [], [], [], [19], [22], [16], [25], [28], [23], [26], [], [], [16], [17], [], [19], [20], [], [22], [23], [], [25], [26], [], [28], [29], [], [62, 68, 71], [65, 58, 67, 144], [60, 70, 147], [143, 146, 56, 64], [130, 32, 55, 66, 69, 61, 59, 33, 63, 31, 129, 30, 57], [153, 79, 73, 150], [151, 75, 80], [154, 77], [74, 76, 78, 132, 36, 131, 35, 72, 37], [84, 161, 91], [89, 92, 86, 158], [88, 160, 82, 157], [90, 81, 40, 83, 39, 133, 87, 134, 85, 41], [98, 101, 104, 165], [103, 167, 94, 164], [100, 168, 96], [45, 93, 43, 135, 99, 44, 95, 97, 102, 136], [113, 115, 172, 108], [110, 175, 116], [174, 171, 106, 112], [109, 111, 48, 114, 138, 137, 105, 49, 107, 47], [125, 182, 122], [178, 118, 127, 181], [124, 128, 120, 179], [53, 123, 139, 52, 126, 121, 140, 51, 117, 119], [56], [], [58], [], [60], [], [62], [], [64], [65], [], [67], [68], [], [70], [71], [], [73], [], [75], [], [77], [], [79], [80], [], [82], [], [84], [], [86], [], [88], [89], [], [91], [92], [], [94], [], [96], [], [98], [], [100], [101], [], [103], [104], [], [106], [], [108], [], [110], [], [112], [113], [], [115], [116], [], [118], [], [120], [], [122], [], [124], [125], [], [127], [128], [], [141], [145], [148], [152], [155], [159], [162], [166], [169], [173], [176], [180], [142], [143], [144], [], [146], [147], [], [149], [150], [151], [], [153], [154], [], [156], [157], [158], [], [160], [161], [], [163], [164], [165], [], [167], [168], [], [170], [171], [172], [], [174], [175], [], [177], [178], [179], [], [181], [182], [], [72, 107, 83], [74, 76], [15, 24, 142, 87, 163, 63, 156, 149, 18, 173, 180, 27, 90, 99, 152, 145, 114, 21, 102, 123, 78], [61], [126, 166, 170, 111, 159, 177], [66, 69], [57, 109, 59, 97, 85, 121], [117, 93, 105, 81], [95, 55, 119]]}",15,0,15,25,74,12,42,0,0,0,0,0,0,6,3
logistics00,problogistics-6-0,6,1, 1.0,"{""labels"": [0, 0, 0, 0, 0, 0, 0, 0, 0, 0, 0, 0, 0, 0, 0, 2, 2, 2, 2, 2, 2, 2, 2, 2, 2, 2, 2, 2, 2, 2, 2, 2, 2, 3, 3, 3, 3, 3, 3, 3, 3, 3, 3, 3, 3, 3, 3, 3, 3, 3, 3, 3, 3, 3, 3, 3, 3, 3, 4, 4, 4, 4, 4, 4, 4, 4, 4, 4, 4, 4, 4, 4, 4, 4, 4, 4, 4, 4, 4, 4, 4, 4, 4, 4, 4, 4, 4, 4, 4, 4, 4, 4, 4, 4, 4, 4, 4, 4, 4, 4, 4, 4, 4, 4, 4, 4, 4, 4, 4, 4, 4, 4, 4, 4, 4, 4, 4, 4, 4, 4, 4, 4, 4, 4, 4, 4, 4, 4, 4, 4, 4, 4, 5, 5, 5, 5, 5, 5, 5, 5, 5, 5, 5, 5, 6, 6, 6, 6, 6, 6, 6, 6, 6, 6, 6, 6, 6, 6, 6, 6, 6, 6, 6, 6, 6, 6, 6, 6, 6, 6, 6, 6, 6, 6, 6, 6, 6, 6, 6, 6, 6, 6, 6, 6, 6, 6, 13, 13, 14, 13, 14, 14, 13, 13, 13], ""edges"": [[], [20], [23, 32, 17], [], [], [31], [16], [28], [22], [25], [19], [], [26, 29], [], [], [16], [17], [], [19], [20], [], [22], [23], [], [25], [26], [], [28], [29], [], [31], [32], [], [65, 71, 74], [68, 61, 70, 147], [63, 73, 150], [146, 149, 59, 67], [72, 133, 35, 58, 69, 64, 62, 36, 66, 132, 34, 33, 60], [156, 82, 76, 153], [78, 83, 154], [157, 80], [77, 79, 81, 135, 39, 134, 38, 75, 40], [87, 164, 94], [92, 95, 89, 161], [163, 85, 160, 91], [93, 84, 43, 86, 42, 136, 90, 137, 88, 44], [101, 104, 107, 168], [106, 170, 97, 167], [103, 171, 99], [48, 96, 46, 138, 102, 47, 98, 100, 105, 139], [116, 118, 175, 111], [113, 178, 119], [177, 174, 109, 115], [112, 114, 51, 117, 141, 140, 108, 52, 110, 50], [128, 185, 125], [181, 121, 130, 184], [127, 131, 123, 182], [56, 126, 129, 142, 55, 124, 143, 54, 120, 122], [59], [], [61], [], [63], [], [65], [], [67], [68], [], [70], [71], [], [73], [74], [], [76], [], [78], [], [80], [], [82], [83], [], [85], [], [87], [], [89], [], [91], [92], [], [94], [95], [], [97], [], [99], [], [101], [], [103], [104], [], [106], [107], [], [109], [], [111], [], [113], [], [115], [116], [], [118], [119], [], [121], [], [123], [], [125], [], [127], [128], [], [130], [131], [], [144], [148], [151], [155], [158], [162], [165], [169], [172], [176], [179], [183], [145], [146], [147], [], [149], [150], [], [152], [153], [154], [], [156], [157], [], [159], [160], [161], [], [163], [164], [], [166], [167], [168], [], [170], [171], [], [173], [174], [175], [], [177], [178], [], [180], [181], [182], [], [184], [185], [], [75, 110, 86], [77, 79], [15, 24, 145, 90, 166, 66, 159, 152, 18, 176, 183, 27, 93, 102, 30, 155, 148, 117, 21, 105, 126, 81], [64], [129, 169, 173, 180, 114, 162], [69, 72], [60, 62, 100, 112, 88, 124], [120, 96, 108, 84], [98, 58, 122]]}",15,0,18,25,74,12,42,0,0,0,0,0,0,6,3
logistics00,problogistics-6-1,6,1, 0.64,"{""labels"": [0, 0, 0, 0, 0, 0, 0, 0, 0, 0, 0, 0, 0, 0, 0, 2, 2, 2, 2, 2, 2, 2, 2, 2, 2, 2, 2, 2, 2, 2, 2, 2, 2, 3, 3, 3, 3, 3, 3, 3, 3, 3, 3, 3, 3, 3, 3, 3, 3, 3, 3, 3, 3, 3, 3, 3, 3, 3, 4, 4, 4, 4, 4, 4, 4, 4, 4, 4, 4, 4, 4, 4, 4, 4, 4, 4, 4, 4, 4, 4, 4, 4, 4, 4, 4, 4, 4, 4, 4, 4, 4, 4, 4, 4, 4, 4, 4, 4, 4, 4, 4, 4, 4, 4, 4, 4, 4, 4, 4, 4, 4, 4, 4, 4, 4, 4, 4, 4, 4, 4, 4, 4, 4, 4, 4, 4, 4, 4, 4, 4, 4, 4, 5, 5, 5, 5, 5, 5, 5, 5, 5, 5, 5, 5, 6, 6, 6, 6, 6, 6, 6, 6, 6, 6, 6, 6, 6, 6, 6, 6, 6, 6, 6, 6, 6, 6, 6, 6, 6, 6, 6, 6, 6, 6, 6, 6, 6, 6, 6, 6, 6, 6, 6, 6, 6, 6, 13, 13, 14, 13, 14, 14, 13, 13, 13], ""edges"": [[], [26], [20], [], [], [16], [25], [28], [31], [19], [22], [17], [23, 29, 32], [], [], [16], [17], [], [19], [20], [], [22], [23], [], [25], [26], [], [28], [29], [], [31], [32], [], [65, 71, 74], [68, 61, 70, 147], [63, 73, 150], [146, 149, 59, 67], [72, 133, 35, 58, 69, 64, 62, 36, 66, 132, 34, 33, 60], [156, 82, 76, 153], [154, 78, 83], [157, 80], [77, 79, 81, 135, 39, 134, 38, 75, 40], [87, 164, 94], [92, 95, 89, 161], [91, 163, 85, 160], [93, 84, 43, 86, 136, 90, 137, 42, 88, 44], [101, 104, 107, 168], [106, 170, 97, 167], [103, 171, 99], [48, 96, 46, 138, 102, 47, 98, 100, 105, 139], [116, 118, 175, 111], [113, 178, 119], [177, 174, 109, 115], [112, 114, 51, 117, 141, 140, 108, 52, 110, 50], [128, 185, 125], [181, 121, 130, 184], [127, 131, 123, 182], [56, 126, 129, 55, 124, 142, 143, 54, 120, 122], [59], [], [61], [], [63], [], [65], [], [67], [68], [], [70], [71], [], [73], [74], [], [76], [], [78], [], [80], [], [82], [83], [], [85], [], [87], [], [89], [], [91], [92], [], [94], [95], [], [97], [], [99], [], [101], [], [103], [104], [], [106], [107], [], [109], [], [111], [], [113], [], [115], [116], [], [118], [119], [], [121], [], [123], [], [125], [], [127], [128], [], [130], [131], [], [144], [148], [151], [155], [158], [162], [165], [169], [172], [176], [179], [183], [145], [146], [147], [], [149], [150], [], [152], [153], [154], [], [156], [157], [], [159], [160], [161], [], [163], [164], [], [166], [167], [168], [], [170], [171], [], [173], [174], [175], [], [177], [178], [], [180], [181], [182], [], [184], [185], [], [75, 110, 86], [77, 79], [15, 24, 145, 90, 66, 159, 152, 18, 166, 176, 183, 27, 93, 102, 30, 155, 148, 117, 21, 105, 126, 81], [64], [129, 173, 180, 114, 169, 162], [69, 72], [60, 112, 62, 100, 88, 124], [120, 96, 108, 84], [98, 58, 122]]}",15,0,18,25,74,12,42,0,0,0,0,0,0,6,3
logistics00,problogistics-6-2,6,1, 0.63,"{""labels"": [0, 0, 0, 0, 0, 0, 0, 0, 0, 0, 0, 0, 0, 0, 0, 2, 2, 2, 2, 2, 2, 2, 2, 2, 2, 2, 2, 2, 2, 2, 2, 2, 2, 3, 3, 3, 3, 3, 3, 3, 3, 3, 3, 3, 3, 3, 3, 3, 3, 3, 3, 3, 3, 3, 3, 3, 3, 3, 4, 4, 4, 4, 4, 4, 4, 4, 4, 4, 4, 4, 4, 4, 4, 4, 4, 4, 4, 4, 4, 4, 4, 4, 4, 4, 4, 4, 4, 4, 4, 4, 4, 4, 4, 4, 4, 4, 4, 4, 4, 4, 4, 4, 4, 4, 4, 4, 4, 4, 4, 4, 4, 4, 4, 4, 4, 4, 4, 4, 4, 4, 4, 4, 4, 4, 4, 4, 4, 4, 4, 4, 4, 4, 5, 5, 5, 5, 5, 5, 5, 5, 5, 5, 5, 5, 6, 6, 6, 6, 6, 6, 6, 6, 6, 6, 6, 6, 6, 6, 6, 6, 6, 6, 6, 6, 6, 6, 6, 6, 6, 6, 6, 6, 6, 6, 6, 6, 6, 6, 6, 6, 6, 6, 6, 6, 6, 6, 13, 13, 14, 13, 14, 14, 13, 13, 13], ""edges"": [[], [29, 17, 26], [23], [], [], [31], [22], [25], [19], [28], [16], [], [20, 32], [], [], [16], [17], [], [19], [20], [], [22], [23], [], [25], [26], [], [28], [29], [], [31], [32], [], [65, 71, 74], [68, 61, 70, 147], [63, 73, 150], [146, 149, 59, 67], [72, 133, 35, 69, 64, 62, 36, 66, 34, 132, 33, 60, 58], [156, 82, 76, 153], [154, 78, 83], [80, 157], [77, 79, 81, 135, 39, 134, 38, 75, 40], [87, 164, 94], [92, 95, 89, 161], [163, 85, 160, 91], [93, 84, 43, 86, 136, 90, 137, 42, 88, 44], [101, 104, 107, 168], [106, 170, 97, 167], [103, 171, 99], [48, 96, 46, 138, 102, 47, 98, 100, 105, 139], [116, 118, 175, 111], [113, 178, 119], [177, 174, 109, 115], [112, 114, 51, 117, 141, 140, 50, 108, 52, 110], [128, 185, 125], [121, 130, 181, 184], [127, 131, 123, 182], [56, 126, 129, 142, 55, 124, 143, 54, 120, 122], [59], [], [61], [], [63], [], [65], [], [67], [68], [], [70], [71], [], [73], [74], [], [76], [], [78], [], [80], [], [82], [83], [], [85], [], [87], [], [89], [], [91], [92], [], [94], [95], [], [97], [], [99], [], [101], [], [103], [104], [], [106], [107], [], [109], [], [111], [], [113], [], [115], [116], [], [118], [119], [], [121], [], [123], [], [125], [], [127], [128], [], [130], [131], [], [144], [148], [151], [155], [158], [162], [165], [169], [172], [176], [179], [183], [145], [146], [147], [], [149], [150], [], [152], [153], [154], [], [156], [157], [], [159], [160], [161], [], [163], [164], [], [166], [167], [168], [], [170], [171], [], [173], [174], [175], [], [177], [178], [], [180], [181], [182], [], [184], [185], [], [75, 110, 86], [77, 79], [15, 24, 145, 90, 166, 66, 159, 152, 18, 176, 183, 27, 93, 102, 30, 155, 148, 117, 21, 105, 126, 81], [64], [129, 173, 180, 114, 169, 162], [69, 72], [60, 112, 62, 100, 88, 124], [120, 96, 108, 84], [98, 58, 122]]}",15,0,18,25,74,12,42,0,0,0,0,0,0,6,3
logistics00,problogistics-6-9,7,1, 0.72,"{""labels"": [0, 0, 0, 0, 0, 0, 0, 0, 0, 0, 0, 0, 0, 0, 0, 2, 2, 2, 2, 2, 2, 2, 2, 2, 2, 2, 2, 2, 2, 2, 2, 2, 2, 3, 3, 3, 3, 3, 3, 3, 3, 3, 3, 3, 3, 3, 3, 3, 3, 3, 3, 3, 3, 3, 3, 3, 3, 3, 4, 4, 4, 4, 4, 4, 4, 4, 4, 4, 4, 4, 4, 4, 4, 4, 4, 4, 4, 4, 4, 4, 4, 4, 4, 4, 4, 4, 4, 4, 4, 4, 4, 4, 4, 4, 4, 4, 4, 4, 4, 4, 4, 4, 4, 4, 4, 4, 4, 4, 4, 4, 4, 4, 4, 4, 4, 4, 4, 4, 4, 4, 4, 4, 4, 4, 4, 4, 4, 4, 4, 4, 4, 4, 5, 5, 5, 5, 5, 5, 5, 5, 5, 5, 5, 5, 6, 6, 6, 6, 6, 6, 6, 6, 6, 6, 6, 6, 6, 6, 6, 6, 6, 6, 6, 6, 6, 6, 6, 6, 6, 6, 6, 6, 6, 6, 6, 6, 6, 6, 6, 6, 6, 6, 6, 6, 6, 6, 13, 13, 14, 13, 14, 14, 13, 13, 13], ""edges"": [[], [26, 23], [], [], [], [22], [16], [28], [31], [25], [19], [17, 20], [29, 32], [], [], [16], [17], [], [19], [20], [], [22], [23], [], [25], [26], [], [28], [29], [], [31], [32], [], [65, 71, 74], [68, 61, 70, 147], [63, 73, 150], [146, 149, 59, 67], [72, 133, 35, 58, 69, 64, 62, 36, 66, 34, 132, 33, 60], [156, 82, 76, 153], [78, 83, 154], [157, 80], [77, 79, 81, 135, 39, 134, 38, 75, 40], [87, 164, 94], [92, 95, 89, 161], [163, 85, 160, 91], [90, 93, 84, 43, 86, 136, 137, 42, 88, 44], [101, 104, 107, 168], [106, 170, 97, 167], [103, 171, 99], [48, 96, 46, 138, 102, 47, 98, 100, 105, 139], [116, 118, 175, 111], [113, 178, 119], [177, 174, 109, 115], [112, 114, 51, 117, 141, 140, 108, 52, 110, 50], [128, 185, 125], [181, 121, 130, 184], [127, 131, 123, 182], [56, 126, 129, 142, 55, 124, 143, 54, 120, 122], [59], [], [61], [], [63], [], [65], [], [67], [68], [], [70], [71], [], [73], [74], [], [76], [], [78], [], [80], [], [82], [83], [], [85], [], [87], [], [89], [], [91], [92], [], [94], [95], [], [97], [], [99], [], [101], [], [103], [104], [], [106], [107], [], [109], [], [111], [], [113], [], [115], [116], [], [118], [119], [], [121], [], [123], [], [125], [], [127], [128], [], [130], [131], [], [144], [148], [151], [155], [158], [162], [165], [169], [172], [176], [179], [183], [145], [146], [147], [], [149], [150], [], [152], [153], [154], [], [156], [157], [], [159], [160], [161], [], [163], [164], [], [166], [167], [168], [], [170], [171], [], [173], [174], [175], [], [177], [178], [], [180], [181], [182], [], [184], [185], [], [75, 110, 86], [77, 79], [15, 24, 145, 90, 66, 159, 152, 18, 166, 176, 183, 27, 93, 102, 30, 155, 148, 117, 21, 105, 126, 81], [64], [129, 173, 180, 114, 169, 162], [69, 72], [60, 112, 62, 100, 88, 124], [120, 96, 108, 84], [98, 58, 122]]}",15,0,18,25,74,12,42,0,0,0,0,0,0,6,3
logistics00,problogistics-7-0,7,1, 0.7,"{""labels"": [0, 0, 0, 0, 0, 0, 0, 0, 0, 0, 0, 0, 0, 0, 0, 0, 0, 0, 0, 0, 0, 0, 2, 2, 2, 2, 2, 2, 2, 2, 2, 2, 2, 2, 2, 2, 2, 2, 2, 2, 2, 2, 2, 3, 3, 3, 3, 3, 3, 3, 3, 3, 3, 3, 3, 3, 3, 3, 3, 3, 3, 3, 3, 3, 3, 3, 3, 3, 4, 4, 4, 4, 4, 4, 4, 4, 4, 4, 4, 4, 4, 4, 4, 4, 4, 4, 4, 4, 4, 4, 4, 4, 4, 4, 4, 4, 4, 4, 4, 4, 4, 4, 4, 4, 4, 4, 4, 4, 4, 4, 4, 4, 4, 4, 4, 4, 4, 4, 4, 4, 4, 4, 4, 4, 4, 4, 4, 4, 4, 4, 4, 4, 4, 4, 4, 4, 4, 4, 4, 4, 4, 4, 5, 5, 5, 5, 5, 5, 5, 5, 5, 5, 5, 5, 6, 6, 6, 6, 6, 6, 6, 6, 6, 6, 6, 6, 6, 6, 6, 6, 6, 6, 6, 6, 6, 6, 6, 6, 6, 6, 6, 6, 6, 6, 6, 6, 6, 6, 6, 6, 6, 6, 6, 6, 6, 6, 13, 13, 14, 13, 14, 14, 13, 13, 13], ""edges"": [[], [27, 39], [36], [33], [], [], [], [], [29], [32], [], [23], [38], [35], [41], [26], [42], [24, 30], [], [], [], [], [23], [24], [], [26], [27], [], [29], [30], [], [32], [33], [], [35], [36], [], [38], [39], [], [41], [42], [], [75, 81, 84], [78, 71, 80, 157], [73, 160, 83], [156, 159, 69, 77], [82, 143, 45, 68, 79, 74, 72, 46, 76, 44, 142, 43, 70], [166, 92, 86, 163], [164, 88, 93], [167, 90], [87, 89, 91, 145, 49, 85, 144, 48, 50], [97, 174, 104], [102, 99, 105, 171], [101, 173, 95, 170], [103, 53, 96, 52, 146, 94, 100, 147, 98, 54], [117, 111, 114, 178], [116, 180, 107, 177], [113, 181, 109], [58, 106, 56, 115, 148, 112, 57, 108, 110, 149], [126, 185, 121, 128], [188, 123, 129], [187, 184, 119, 125], [122, 124, 127, 151, 61, 150, 60, 118, 62, 120], [138, 195, 135], [191, 131, 140, 194], [137, 141, 133, 192], [66, 136, 139, 152, 65, 134, 153, 64, 130, 132], [69], [], [71], [], [73], [], [75], [], [77], [78], [], [80], [81], [], [83], [84], [], [86], [], [88], [], [90], [], [92], [93], [], [95], [], [97], [], [99], [], [101], [102], [], [104], [105], [], [107], [], [109], [], [111], [], [113], [114], [], [116], [117], [], [119], [], [121], [], [123], [], [125], [126], [], [128], [129], [], [131], [], [133], [], [135], [], [137], [138], [], [140], [141], [], [154], [158], [161], [165], [168], [172], [175], [179], [182], [186], [189], [193], [155], [156], [157], [], [159], [160], [], [162], [163], [164], [], [166], [167], [], [169], [170], [171], [], [173], [174], [], [176], [177], [178], [], [180], [181], [], [183], [184], [185], [], [187], [188], [], [190], [191], [192], [], [194], [195], [], [85, 120, 96], [87, 89], [22, 31, 155, 100, 176, 169, 40, 162, 25, 186, 193, 34, 103, 112, 37, 165, 158, 127, 28, 115, 136, 91, 76], [74], [139, 183, 124, 179, 172, 190], [79, 82], [70, 122, 72, 110, 98, 134], [130, 106, 118, 94], [108, 68, 132]]}",22,0,21,25,74,12,42,0,0,0,0,0,0,6,3
logistics00,problogistics-7-1,8,1, 1.55,"{""labels"": [0, 0, 0, 0, 0, 0, 0, 0, 0, 0, 0, 0, 0, 0, 0, 0, 0, 0, 0, 0, 0, 0, 2, 2, 2, 2, 2, 2, 2, 2, 2, 2, 2, 2, 2, 2, 2, 2, 2, 2, 2, 2, 2, 3, 3, 3, 3, 3, 3, 3, 3, 3, 3, 3, 3, 3, 3, 3, 3, 3, 3, 3, 3, 3, 3, 3, 3, 3, 4, 4, 4, 4, 4, 4, 4, 4, 4, 4, 4, 4, 4, 4, 4, 4, 4, 4, 4, 4, 4, 4, 4, 4, 4, 4, 4, 4, 4, 4, 4, 4, 4, 4, 4, 4, 4, 4, 4, 4, 4, 4, 4, 4, 4, 4, 4, 4, 4, 4, 4, 4, 4, 4, 4, 4, 4, 4, 4, 4, 4, 4, 4, 4, 4, 4, 4, 4, 4, 4, 4, 4, 4, 4, 5, 5, 5, 5, 5, 5, 5, 5, 5, 5, 5, 5, 6, 6, 6, 6, 6, 6, 6, 6, 6, 6, 6, 6, 6, 6, 6, 6, 6, 6, 6, 6, 6, 6, 6, 6, 6, 6, 6, 6, 6, 6, 6, 6, 6, 6, 6, 6, 6, 6, 6, 6, 6, 6, 13, 13, 14, 13, 14, 14, 13, 13, 13], ""edges"": [[], [27, 24], [], [39, 42], [], [], [], [29], [41], [35], [38], [], [26], [], [32], [23], [33], [36], [30], [], [], [], [23], [24], [], [26], [27], [], [29], [30], [], [32], [33], [], [35], [36], [], [38], [39], [], [41], [42], [], [75, 81, 84], [78, 71, 80, 157], [73, 83, 160], [156, 159, 69, 77], [82, 143, 45, 68, 79, 74, 72, 46, 76, 142, 44, 43, 70], [166, 92, 86, 163], [164, 88, 93], [167, 90], [87, 89, 91, 145, 49, 144, 48, 85, 50], [97, 174, 104], [102, 105, 99, 171], [173, 95, 170, 101], [103, 94, 98, 53, 96, 52, 146, 100, 147, 54], [111, 114, 117, 178], [116, 180, 107, 177], [113, 181, 109], [106, 56, 148, 112, 58, 57, 108, 110, 115, 149], [126, 185, 121, 128], [123, 188, 129], [184, 119, 125, 187], [122, 124, 61, 127, 151, 150, 118, 62, 120, 60], [138, 195, 135], [131, 140, 191, 194], [137, 141, 133, 192], [66, 136, 139, 152, 65, 134, 153, 64, 130, 132], [69], [], [71], [], [73], [], [75], [], [77], [78], [], [80], [81], [], [83], [84], [], [86], [], [88], [], [90], [], [92], [93], [], [95], [], [97], [], [99], [], [101], [102], [], [104], [105], [], [107], [], [109], [], [111], [], [113], [114], [], [116], [117], [], [119], [], [121], [], [123], [], [125], [126], [], [128], [129], [], [131], [], [133], [], [135], [], [137], [138], [], [140], [141], [], [154], [158], [161], [165], [168], [172], [175], [179], [182], [186], [189], [193], [155], [156], [157], [], [159], [160], [], [162], [163], [164], [], [166], [167], [], [169], [170], [171], [], [173], [174], [], [176], [177], [178], [], [180], [181], [], [183], [184], [185], [], [187], [188], [], [190], [191], [192], [], [194], [195], [], [85, 120, 96], [87, 89], [22, 31, 155, 100, 176, 76, 169, 40, 162, 25, 186, 193, 34, 103, 112, 37, 165, 158, 127, 28, 115, 136, 91], [74], [139, 124, 183, 190, 179, 172], [79, 82], [70, 122, 72, 110, 98, 134], [130, 106, 118, 94], [108, 132, 68]]}",22,0,21,25,74,12,42,0,0,0,0,0,0,6,3
logistics00,problogistics-8-0,7,1, 0.98,"{""labels"": [0, 0, 0, 0, 0, 0, 0, 0, 0, 0, 0, 0, 0, 0, 0, 0, 0, 0, 0, 0, 0, 0, 2, 2, 2, 2, 2, 2, 2, 2, 2, 2, 2, 2, 2, 2, 2, 2, 2, 2, 2, 2, 2, 2, 2, 2, 3, 3, 3, 3, 3, 3, 3, 3, 3, 3, 3, 3, 3, 3, 3, 3, 3, 3, 3, 3, 3, 3, 3, 3, 3, 4, 4, 4, 4, 4, 4, 4, 4, 4, 4, 4, 4, 4, 4, 4, 4, 4, 4, 4, 4, 4, 4, 4, 4, 4, 4, 4, 4, 4, 4, 4, 4, 4, 4, 4, 4, 4, 4, 4, 4, 4, 4, 4, 4, 4, 4, 4, 4, 4, 4, 4, 4, 4, 4, 4, 4, 4, 4, 4, 4, 4, 4, 4, 4, 4, 4, 4, 4, 4, 4, 4, 4, 4, 4, 5, 5, 5, 5, 5, 5, 5, 5, 5, 5, 5, 5, 6, 6, 6, 6, 6, 6, 6, 6, 6, 6, 6, 6, 6, 6, 6, 6, 6, 6, 6, 6, 6, 6, 6, 6, 6, 6, 6, 6, 6, 6, 6, 6, 6, 6, 6, 6, 6, 6, 6, 6, 6, 6, 13, 13, 14, 13, 14, 14, 13, 13, 13], ""edges"": [[], [45], [42, 39], [30], [], [], [], [23], [35], [41], [26], [32], [38], [29], [44], [], [36], [27], [33, 24], [], [], [], [23], [24], [], [26], [27], [], [29], [30], [], [32], [33], [], [35], [36], [], [38], [39], [], [41], [42], [], [44], [45], [], [78, 84, 87], [81, 74, 83, 160], [76, 86, 163], [159, 162, 72, 80], [85, 146, 48, 71, 82, 77, 75, 49, 79, 145, 47, 46, 73], [169, 95, 89, 166], [91, 96, 167], [170, 93], [90, 92, 94, 148, 52, 147, 51, 88, 53], [100, 177, 107], [105, 108, 102, 174], [176, 98, 173, 104], [106, 97, 56, 99, 55, 149, 103, 150, 101, 57], [114, 117, 120, 181], [119, 183, 110, 180], [116, 184, 112], [61, 109, 59, 151, 115, 60, 111, 113, 118, 152], [129, 131, 188, 124], [126, 191, 132], [190, 187, 122, 128], [125, 127, 64, 130, 154, 153, 121, 65, 123, 63], [141, 198, 138], [194, 134, 143, 197], [140, 144, 136, 195], [69, 139, 142, 68, 137, 155, 156, 67, 133, 135], [72], [], [74], [], [76], [], [78], [], [80], [81], [], [83], [84], [], [86], [87], [], [89], [], [91], [], [93], [], [95], [96], [], [98], [], [100], [], [102], [], [104], [105], [], [107], [108], [], [110], [], [112], [], [114], [], [116], [117], [], [119], [120], [], [122], [], [124], [], [126], [], [128], [129], [], [131], [132], [], [134], [], [136], [], [138], [], [140], [141], [], [143], [144], [], [157], [161], [164], [168], [171], [175], [178], [182], [185], [189], [192], [196], [158], [159], [160], [], [162], [163], [], [165], [166], [167], [], [169], [170], [], [172], [173], [174], [], [176], [177], [], [179], [180], [181], [], [183], [184], [], [186], [187], [188], [], [190], [191], [], [193], [194], [195], [], [197], [198], [], [88, 123, 99], [92, 90], [22, 31, 158, 103, 179, 79, 172, 40, 165, 25, 189, 196, 34, 130, 106, 115, 37, 168, 161, 28, 43, 118, 139, 94], [77], [142, 182, 186, 193, 127, 175], [82, 85], [73, 125, 75, 101, 113, 137], [133, 109, 121, 97], [71, 135, 111]]}",22,0,24,25,74,12,42,0,0,0,0,0,0,6,3
logistics00,problogistics-8-1,7,1, 0.73,"{""labels"": [0, 0, 0, 0, 0, 0, 0, 0, 0, 0, 0, 0, 0, 0, 0, 0, 0, 0, 0, 0, 0, 0, 2, 2, 2, 2, 2, 2, 2, 2, 2, 2, 2, 2, 2, 2, 2, 2, 2, 2, 2, 2, 2, 2, 2, 2, 3, 3, 3, 3, 3, 3, 3, 3, 3, 3, 3, 3, 3, 3, 3, 3, 3, 3, 3, 3, 3, 3, 3, 3, 3, 4, 4, 4, 4, 4, 4, 4, 4, 4, 4, 4, 4, 4, 4, 4, 4, 4, 4, 4, 4, 4, 4, 4, 4, 4, 4, 4, 4, 4, 4, 4, 4, 4, 4, 4, 4, 4, 4, 4, 4, 4, 4, 4, 4, 4, 4, 4, 4, 4, 4, 4, 4, 4, 4, 4, 4, 4, 4, 4, 4, 4, 4, 4, 4, 4, 4, 4, 4, 4, 4, 4, 4, 4, 4, 5, 5, 5, 5, 5, 5, 5, 5, 5, 5, 5, 5, 6, 6, 6, 6, 6, 6, 6, 6, 6, 6, 6, 6, 6, 6, 6, 6, 6, 6, 6, 6, 6, 6, 6, 6, 6, 6, 6, 6, 6, 6, 6, 6, 6, 6, 6, 6, 6, 6, 6, 6, 6, 6, 13, 13, 14, 13, 14, 14, 13, 13, 13], ""edges"": [[], [39], [36, 30], [33], [], [], [], [], [44], [26], [41], [23], [35], [38], [29], [32], [], [27], [45, 42, 24], [], [], [], [23], [24], [], [26], [27], [], [29], [30], [], [32], [33], [], [35], [36], [], [38], [39], [], [41], [42], [], [44], [45], [], [78, 84, 87], [81, 74, 83, 160], [76, 86, 163], [159, 162, 72, 80], [85, 146, 48, 71, 82, 77, 75, 49, 79, 47, 145, 46, 73], [169, 95, 89, 166], [167, 91, 96], [170, 93], [90, 92, 94, 148, 52, 147, 51, 88, 53], [100, 177, 107], [105, 108, 102, 174], [104, 176, 98, 173], [106, 97, 101, 56, 99, 55, 149, 103, 150, 57], [120, 114, 117, 181], [119, 110, 183, 180], [116, 184, 112], [61, 109, 59, 151, 115, 60, 111, 113, 118, 152], [129, 131, 188, 124], [126, 191, 132], [187, 122, 128, 190], [125, 127, 121, 64, 130, 154, 153, 63, 65, 123], [141, 198, 138], [143, 194, 197, 134], [140, 144, 136, 195], [69, 139, 155, 68, 142, 156, 67, 133, 135, 137], [72], [], [74], [], [76], [], [78], [], [80], [81], [], [83], [84], [], [86], [87], [], [89], [], [91], [], [93], [], [95], [96], [], [98], [], [100], [], [102], [], [104], [105], [], [107], [108], [], [110], [], [112], [], [114], [], [116], [117], [], [119], [120], [], [122], [], [124], [], [126], [], [128], [129], [], [131], [132], [], [134], [], [136], [], [138], [], [140], [141], [], [143], [144], [], [157], [161], [164], [168], [171], [175], [178], [182], [185], [189], [192], [196], [158], [159], [160], [], [162], [163], [], [165], [166], [167], [], [169], [170], [], [172], [173], [174], [], [176], [177], [], [179], [180], [181], [], [183], [184], [], [186], [187], [188], [], [190], [191], [], [193], [194], [195], [], [197], [198], [], [88, 123, 99], [90, 92], [22, 31, 158, 179, 79, 172, 40, 165, 103, 25, 196, 34, 106, 115, 37, 168, 161, 130, 189, 28, 43, 118, 139, 94], [77], [142, 186, 127, 182, 175, 193], [82, 85], [73, 125, 75, 113, 101, 137], [133, 109, 121, 97], [111, 135, 71]]}",22,0,24,25,74,12,42,0,0,0,0,0,0,6,3
logistics00,problogistics-9-0,7,1, 0.77,"{""labels"": [0, 0, 0, 0, 0, 0, 0, 0, 0, 0, 0, 0, 0, 0, 0, 0, 0, 0, 0, 0, 0, 0, 2, 2, 2, 2, 2, 2, 2, 2, 2, 2, 2, 2, 2, 2, 2, 2, 2, 2, 2, 2, 2, 2, 2, 2, 2, 2, 2, 3, 3, 3, 3, 3, 3, 3, 3, 3, 3, 3, 3, 3, 3, 3, 3, 3, 3, 3, 3, 3, 3, 3, 3, 3, 4, 4, 4, 4, 4, 4, 4, 4, 4, 4, 4, 4, 4, 4, 4, 4, 4, 4, 4, 4, 4, 4, 4, 4, 4, 4, 4, 4, 4, 4, 4, 4, 4, 4, 4, 4, 4, 4, 4, 4, 4, 4, 4, 4, 4, 4, 4, 4, 4, 4, 4, 4, 4, 4, 4, 4, 4, 4, 4, 4, 4, 4, 4, 4, 4, 4, 4, 4, 4, 4, 4, 4, 4, 4, 5, 5, 5, 5, 5, 5, 5, 5, 5, 5, 5, 5, 6, 6, 6, 6, 6, 6, 6, 6, 6, 6, 6, 6, 6, 6, 6, 6, 6, 6, 6, 6, 6, 6, 6, 6, 6, 6, 6, 6, 6, 6, 6, 6, 6, 6, 6, 6, 6, 6, 6, 6, 6, 6, 13, 13, 14, 13, 14, 14, 13, 13, 13], ""edges"": [[], [48], [], [42, 33], [], [], [], [35], [44], [41], [47], [29], [23], [32], [26], [38], [36, 27, 45, 30], [], [24, 39], [], [], [], [23], [24], [], [26], [27], [], [29], [30], [], [32], [33], [], [35], [36], [], [38], [39], [], [41], [42], [], [44], [45], [], [47], [48], [], [81, 87, 90], [84, 77, 86, 163], [79, 89, 166], [162, 165, 75, 83], [88, 149, 51, 74, 85, 49, 80, 78, 52, 82, 50, 148, 76], [172, 98, 92, 169], [94, 99, 170], [173, 96], [93, 95, 97, 151, 55, 150, 54, 91, 56], [103, 180, 110], [111, 105, 177, 108], [107, 179, 101, 176], [109, 100, 59, 60, 152, 106, 153, 58, 104, 102], [123, 117, 120, 184], [122, 186, 113, 183], [119, 187, 115], [64, 121, 112, 62, 154, 118, 63, 114, 116, 155], [132, 134, 191, 127], [129, 194, 135], [193, 190, 125, 131], [128, 130, 66, 67, 133, 157, 156, 124, 68, 126], [144, 201, 141], [137, 146, 197, 200], [143, 147, 139, 198], [72, 142, 145, 158, 71, 140, 159, 70, 136, 138], [75], [], [77], [], [79], [], [81], [], [83], [84], [], [86], [87], [], [89], [90], [], [92], [], [94], [], [96], [], [98], [99], [], [101], [], [103], [], [105], [], [107], [108], [], [110], [111], [], [113], [], [115], [], [117], [], [119], [120], [], [122], [123], [], [125], [], [127], [], [129], [], [131], [132], [], [134], [135], [], [137], [], [139], [], [141], [], [143], [144], [], [146], [147], [], [160], [164], [167], [171], [174], [178], [181], [185], [188], [192], [195], [199], [161], [162], [163], [], [165], [166], [], [168], [169], [170], [], [172], [173], [], [175], [176], [177], [], [179], [180], [], [182], [183], [184], [], [186], [187], [], [189], [190], [191], [], [193], [194], [], [196], [197], [198], [], [200], [201], [], [91, 126, 102], [93, 95], [22, 31, 161, 106, 46, 175, 40, 168, 25, 182, 192, 34, 133, 118, 37, 171, 164, 28, 43, 121, 109, 199, 142, 97, 82], [80], [145, 189, 196, 130, 185, 178], [85, 88], [76, 128, 78, 104, 116, 140], [136, 112, 124, 100], [74, 138, 114]]}",22,0,27,25,74,12,42,0,0,0,0,0,0,6,3
logistics00,problogistics-9-1,6,1, 0.77,"{""labels"": [0, 0, 0, 0, 0, 0, 0, 0, 0, 0, 0, 0, 0, 0, 0, 0, 0, 0, 0, 0, 0, 0, 2, 2, 2, 2, 2, 2, 2, 2, 2, 2, 2, 2, 2, 2, 2, 2, 2, 2, 2, 2, 2, 2, 2, 2, 2, 2, 2, 3, 3, 3, 3, 3, 3, 3, 3, 3, 3, 3, 3, 3, 3, 3, 3, 3, 3, 3, 3, 3, 3, 3, 3, 3, 4, 4, 4, 4, 4, 4, 4, 4, 4, 4, 4, 4, 4, 4, 4, 4, 4, 4, 4, 4, 4, 4, 4, 4, 4, 4, 4, 4, 4, 4, 4, 4, 4, 4, 4, 4, 4, 4, 4, 4, 4, 4, 4, 4, 4, 4, 4, 4, 4, 4, 4, 4, 4, 4, 4, 4, 4, 4, 4, 4, 4, 4, 4, 4, 4, 4, 4, 4, 4, 4, 4, 4, 4, 4, 5, 5, 5, 5, 5, 5, 5, 5, 5, 5, 5, 5, 6, 6, 6, 6, 6, 6, 6, 6, 6, 6, 6, 6, 6, 6, 6, 6, 6, 6, 6, 6, 6, 6, 6, 6, 6, 6, 6, 6, 6, 6, 6, 6, 6, 6, 6, 6, 6, 6, 6, 6, 6, 6, 13, 13, 14, 13, 14, 14, 13, 13, 13], ""edges"": [[], [], [24], [36, 33, 42], [], [], [], [23], [47], [29], [44], [38], [32], [26], [41], [35], [], [45, 39], [48, 27, 30], [], [], [], [23], [24], [], [26], [27], [], [29], [30], [], [32], [33], [], [35], [36], [], [38], [39], [], [41], [42], [], [44], [45], [], [47], [48], [], [81, 87, 90], [84, 77, 86, 163], [79, 166, 89], [162, 165, 75, 83], [88, 149, 51, 74, 85, 80, 78, 52, 82, 50, 148, 49, 76], [172, 92, 169, 98], [170, 94, 99], [173, 96], [93, 95, 97, 151, 55, 91, 150, 54, 56], [103, 180, 110], [108, 111, 105, 177], [101, 107, 179, 176], [109, 100, 152, 59, 102, 58, 106, 153, 104, 60], [123, 117, 120, 184], [122, 186, 113, 183], [119, 115, 187], [64, 112, 62, 154, 118, 63, 114, 116, 121, 155], [132, 134, 191, 127], [129, 194, 135], [193, 190, 131, 125], [128, 130, 67, 133, 157, 156, 124, 68, 126, 66], [144, 201, 141], [197, 137, 146, 200], [143, 147, 139, 198], [72, 142, 145, 70, 159, 71, 140, 158, 136, 138], [75], [], [77], [], [79], [], [81], [], [83], [84], [], [86], [87], [], [89], [90], [], [92], [], [94], [], [96], [], [98], [99], [], [101], [], [103], [], [105], [], [107], [108], [], [110], [111], [], [113], [], [115], [], [117], [], [119], [120], [], [122], [123], [], [125], [], [127], [], [129], [], [131], [132], [], [134], [135], [], [137], [], [139], [], [141], [], [143], [144], [], [146], [147], [], [160], [164], [167], [171], [174], [178], [181], [185], [188], [192], [195], [199], [161], [162], [163], [], [165], [166], [], [168], [169], [170], [], [172], [173], [], [175], [176], [177], [], [179], [180], [], [182], [183], [184], [], [186], [187], [], [189], [190], [191], [], [193], [194], [], [196], [197], [198], [], [200], [201], [], [91, 126, 102], [93, 95], [22, 31, 161, 106, 182, 46, 82, 175, 40, 168, 25, 192, 199, 34, 109, 118, 37, 171, 164, 133, 43, 28, 121, 142, 97], [80], [189, 145, 196, 130, 185, 178], [85, 88], [76, 128, 78, 116, 140, 104], [136, 112, 124, 100], [114, 74, 138]]}",22,0,27,25,74,12,42,0,0,0,0,0,0,6,3
